calc_version,year,style,style_name,style_order,horizon,horizon_months,signal_type,signal_name,month_count,factor_count,factor_month_obs,win_rate,ic_std,is_partial_year,metric,metric_name,value
v1,2015,value,价值,1,1M,1,neutralized,Neutralized,12,5,60,0.75,0.080054,False,IC,IC Mean,0.047372
v1,2015,quality,质量,2,1M,1,neutralized,Neutralized,12,4,48,0.75,0.023251,False,IC,IC Mean,0.012342
v1,2015,growth,成长,3,1M,1,neutralized,Neutralized,12,3,36,0.75,0.047127,False,IC,IC Mean,0.029396
v1,2015,momentum,动量,4,1M,1,neutralized,Neutralized,12,1,12,0.25,0.068012,False,IC,IC Mean,-0.027777
v1,2015,reversal,反转,5,1M,1,neutralized,Neutralized,12,2,24,0.75,0.086153,False,IC,IC Mean,0.064603
v1,2015,risk,风险,6,1M,1,neutralized,Neutralized,12,3,36,0.833333,0.075133,False,IC,IC Mean,0.053185
v1,2016,value,价值,1,1M,1,neutralized,Neutralized,12,5,60,0.916667,0.064413,False,IC,IC Mean,0.071302
v1,2016,quality,质量,2,1M,1,neutralized,Neutralized,12,4,48,0.833333,0.017417,False,IC,IC Mean,0.015482
v1,2016,growth,成长,3,1M,1,neutralized,Neutralized,12,3,36,0.583333,0.044727,False,IC,IC Mean,0.013888
v1,2016,momentum,动量,4,1M,1,neutralized,Neutralized,12,1,12,0.416667,0.063478,False,IC,IC Mean,-0.026555
v1,2016,reversal,反转,5,1M,1,neutralized,Neutralized,12,2,24,0.916667,0.056164,False,IC,IC Mean,0.069814
v1,2016,risk,风险,6,1M,1,neutralized,Neutralized,12,3,36,0.75,0.112312,False,IC,IC Mean,0.10856
v1,2017,value,价值,1,1M,1,neutralized,Neutralized,12,5,60,0.916667,0.048182,False,IC,IC Mean,0.060449
v1,2017,quality,质量,2,1M,1,neutralized,Neutralized,12,4,48,0.916667,0.024004,False,IC,IC Mean,0.020598
v1,2017,growth,成长,3,1M,1,neutralized,Neutralized,12,3,36,0.833333,0.032107,False,IC,IC Mean,0.042571
v1,2017,momentum,动量,4,1M,1,neutralized,Neutralized,12,1,12,0.5,0.068996,False,IC,IC Mean,0.014025
v1,2017,reversal,反转,5,1M,1,neutralized,Neutralized,12,2,24,0.833333,0.045338,False,IC,IC Mean,0.036692
v1,2017,risk,风险,6,1M,1,neutralized,Neutralized,12,3,36,0.833333,0.076717,False,IC,IC Mean,0.081227
v1,2018,value,价值,1,1M,1,neutralized,Neutralized,12,5,60,0.833333,0.052081,False,IC,IC Mean,0.040087
v1,2018,quality,质量,2,1M,1,neutralized,Neutralized,12,4,48,1.0,0.010704,False,IC,IC Mean,0.017054
v1,2018,growth,成长,3,1M,1,neutralized,Neutralized,12,3,36,0.666667,0.05411,False,IC,IC Mean,0.022096
v1,2018,momentum,动量,4,1M,1,neutralized,Neutralized,12,1,12,0.666667,0.103341,False,IC,IC Mean,0.024259
v1,2018,reversal,反转,5,1M,1,neutralized,Neutralized,12,2,24,0.583333,0.052704,False,IC,IC Mean,0.036516
v1,2018,risk,风险,6,1M,1,neutralized,Neutralized,12,3,36,0.75,0.113678,False,IC,IC Mean,0.080977
v1,2019,value,价值,1,1M,1,neutralized,Neutralized,12,5,60,0.75,0.042633,False,IC,IC Mean,0.02924
v1,2019,quality,质量,2,1M,1,neutralized,Neutralized,12,4,48,0.916667,0.021545,False,IC,IC Mean,0.022406
v1,2019,growth,成长,3,1M,1,neutralized,Neutralized,12,3,36,0.666667,0.064668,False,IC,IC Mean,0.036438
v1,2019,momentum,动量,4,1M,1,neutralized,Neutralized,12,1,12,0.5,0.089277,False,IC,IC Mean,-0.004856
v1,2019,reversal,反转,5,1M,1,neutralized,Neutralized,12,2,24,0.583333,0.047857,False,IC,IC Mean,0.019821
v1,2019,risk,风险,6,1M,1,neutralized,Neutralized,12,3,36,0.833333,0.082532,False,IC,IC Mean,0.058073
v1,2020,value,价值,1,1M,1,neutralized,Neutralized,12,5,60,0.75,0.051505,False,IC,IC Mean,0.027196
v1,2020,quality,质量,2,1M,1,neutralized,Neutralized,12,4,48,0.916667,0.014828,False,IC,IC Mean,0.015794
v1,2020,growth,成长,3,1M,1,neutralized,Neutralized,12,3,36,0.75,0.062489,False,IC,IC Mean,0.031862
v1,2020,momentum,动量,4,1M,1,neutralized,Neutralized,12,1,12,0.5,0.093953,False,IC,IC Mean,-0.006826
v1,2020,reversal,反转,5,1M,1,neutralized,Neutralized,12,2,24,0.5,0.055864,False,IC,IC Mean,0.004397
v1,2020,risk,风险,6,1M,1,neutralized,Neutralized,12,3,36,0.833333,0.081962,False,IC,IC Mean,0.076679
v1,2021,value,价值,1,1M,1,neutralized,Neutralized,12,5,60,0.583333,0.075752,False,IC,IC Mean,0.047016
v1,2021,quality,质量,2,1M,1,neutralized,Neutralized,12,4,48,0.916667,0.015565,False,IC,IC Mean,0.017682
v1,2021,growth,成长,3,1M,1,neutralized,Neutralized,12,3,36,0.5,0.044293,False,IC,IC Mean,-0.004178
v1,2021,momentum,动量,4,1M,1,neutralized,Neutralized,12,1,12,0.416667,0.079654,False,IC,IC Mean,-0.032482
v1,2021,reversal,反转,5,1M,1,neutralized,Neutralized,12,2,24,0.833333,0.038792,False,IC,IC Mean,0.040372
v1,2021,risk,风险,6,1M,1,neutralized,Neutralized,12,3,36,0.916667,0.100897,False,IC,IC Mean,0.089028
v1,2022,value,价值,1,1M,1,neutralized,Neutralized,12,5,60,0.833333,0.048546,False,IC,IC Mean,0.028991
v1,2022,quality,质量,2,1M,1,neutralized,Neutralized,12,4,48,0.75,0.020508,False,IC,IC Mean,0.016257
v1,2022,growth,成长,3,1M,1,neutralized,Neutralized,12,3,36,0.5,0.048345,False,IC,IC Mean,-0.003037
v1,2022,momentum,动量,4,1M,1,neutralized,Neutralized,12,1,12,0.333333,0.096955,False,IC,IC Mean,-0.033695
v1,2022,reversal,反转,5,1M,1,neutralized,Neutralized,12,2,24,0.833333,0.055834,False,IC,IC Mean,0.039528
v1,2022,risk,风险,6,1M,1,neutralized,Neutralized,12,3,36,0.75,0.083578,False,IC,IC Mean,0.064696
v1,2023,value,价值,1,1M,1,neutralized,Neutralized,12,5,60,0.833333,0.059556,False,IC,IC Mean,0.06603
v1,2023,quality,质量,2,1M,1,neutralized,Neutralized,12,4,48,0.833333,0.01824,False,IC,IC Mean,0.019176
v1,2023,growth,成长,3,1M,1,neutralized,Neutralized,12,3,36,0.5,0.050448,False,IC,IC Mean,-0.004946
v1,2023,momentum,动量,4,1M,1,neutralized,Neutralized,12,1,12,0.5,0.092272,False,IC,IC Mean,-0.005776
v1,2023,reversal,反转,5,1M,1,neutralized,Neutralized,12,2,24,0.75,0.043536,False,IC,IC Mean,0.036272
v1,2023,risk,风险,6,1M,1,neutralized,Neutralized,12,3,36,0.833333,0.080067,False,IC,IC Mean,0.103482
v1,2024,value,价值,1,1M,1,neutralized,Neutralized,12,5,60,0.833333,0.07906,False,IC,IC Mean,0.043715
v1,2024,quality,质量,2,1M,1,neutralized,Neutralized,12,4,48,0.666667,0.045042,False,IC,IC Mean,0.017973
v1,2024,growth,成长,3,1M,1,neutralized,Neutralized,12,3,36,0.666667,0.065889,False,IC,IC Mean,0.027465
v1,2024,momentum,动量,4,1M,1,neutralized,Neutralized,12,1,12,0.333333,0.114712,False,IC,IC Mean,-0.034673
v1,2024,reversal,反转,5,1M,1,neutralized,Neutralized,12,2,24,0.666667,0.069865,False,IC,IC Mean,0.032107
v1,2024,risk,风险,6,1M,1,neutralized,Neutralized,12,3,36,0.583333,0.103383,False,IC,IC Mean,0.056702
v1,2025,value,价值,1,1M,1,neutralized,Neutralized,12,5,60,0.666667,0.063463,False,IC,IC Mean,0.031141
v1,2025,quality,质量,2,1M,1,neutralized,Neutralized,12,4,48,0.666667,0.028027,False,IC,IC Mean,0.008317
v1,2025,growth,成长,3,1M,1,neutralized,Neutralized,12,3,36,0.583333,0.051665,False,IC,IC Mean,0.01271
v1,2025,momentum,动量,4,1M,1,neutralized,Neutralized,12,1,12,0.416667,0.085852,False,IC,IC Mean,-0.031228
v1,2025,reversal,反转,5,1M,1,neutralized,Neutralized,12,2,24,0.916667,0.040407,False,IC,IC Mean,0.04451
v1,2025,risk,风险,6,1M,1,neutralized,Neutralized,12,3,36,0.833333,0.083342,False,IC,IC Mean,0.070188
v1,2026,value,价值,1,1M,1,neutralized,Neutralized,5,5,25,0.6,0.049478,True,IC,IC Mean,-0.00665
v1,2026,quality,质量,2,1M,1,neutralized,Neutralized,5,4,20,0.6,0.008245,True,IC,IC Mean,0.003747
v1,2026,growth,成长,3,1M,1,neutralized,Neutralized,5,3,15,0.8,0.0326,True,IC,IC Mean,0.028411
v1,2026,momentum,动量,4,1M,1,neutralized,Neutralized,5,1,5,0.6,0.075391,True,IC,IC Mean,0.036024
v1,2026,reversal,反转,5,1M,1,neutralized,Neutralized,5,2,10,0.6,0.050194,True,IC,IC Mean,-0.008869
v1,2026,risk,风险,6,1M,1,neutralized,Neutralized,5,3,15,0.4,0.076688,True,IC,IC Mean,-0.009225
v1,2015,value,价值,1,1M,1,neutralized,Neutralized,12,5,60,0.75,0.080054,False,ICIR,ICIR,0.591749
v1,2015,quality,质量,2,1M,1,neutralized,Neutralized,12,4,48,0.75,0.023251,False,ICIR,ICIR,0.530812
v1,2015,growth,成长,3,1M,1,neutralized,Neutralized,12,3,36,0.75,0.047127,False,ICIR,ICIR,0.623758
v1,2015,momentum,动量,4,1M,1,neutralized,Neutralized,12,1,12,0.25,0.068012,False,ICIR,ICIR,-0.408407
v1,2015,reversal,反转,5,1M,1,neutralized,Neutralized,12,2,24,0.75,0.086153,False,ICIR,ICIR,0.749862
v1,2015,risk,风险,6,1M,1,neutralized,Neutralized,12,3,36,0.833333,0.075133,False,ICIR,ICIR,0.707873
v1,2016,value,价值,1,1M,1,neutralized,Neutralized,12,5,60,0.916667,0.064413,False,ICIR,ICIR,1.106951
v1,2016,quality,质量,2,1M,1,neutralized,Neutralized,12,4,48,0.833333,0.017417,False,ICIR,ICIR,0.888865
v1,2016,growth,成长,3,1M,1,neutralized,Neutralized,12,3,36,0.583333,0.044727,False,ICIR,ICIR,0.310514
v1,2016,momentum,动量,4,1M,1,neutralized,Neutralized,12,1,12,0.416667,0.063478,False,ICIR,ICIR,-0.41833
v1,2016,reversal,反转,5,1M,1,neutralized,Neutralized,12,2,24,0.916667,0.056164,False,ICIR,ICIR,1.243033
v1,2016,risk,风险,6,1M,1,neutralized,Neutralized,12,3,36,0.75,0.112312,False,ICIR,ICIR,0.966598
v1,2017,value,价值,1,1M,1,neutralized,Neutralized,12,5,60,0.916667,0.048182,False,ICIR,ICIR,1.254583
v1,2017,quality,质量,2,1M,1,neutralized,Neutralized,12,4,48,0.916667,0.024004,False,ICIR,ICIR,0.858073
v1,2017,growth,成长,3,1M,1,neutralized,Neutralized,12,3,36,0.833333,0.032107,False,ICIR,ICIR,1.325919
v1,2017,momentum,动量,4,1M,1,neutralized,Neutralized,12,1,12,0.5,0.068996,False,ICIR,ICIR,0.203273
v1,2017,reversal,反转,5,1M,1,neutralized,Neutralized,12,2,24,0.833333,0.045338,False,ICIR,ICIR,0.809301
v1,2017,risk,风险,6,1M,1,neutralized,Neutralized,12,3,36,0.833333,0.076717,False,ICIR,ICIR,1.058787
v1,2018,value,价值,1,1M,1,neutralized,Neutralized,12,5,60,0.833333,0.052081,False,ICIR,ICIR,0.769702
v1,2018,quality,质量,2,1M,1,neutralized,Neutralized,12,4,48,1.0,0.010704,False,ICIR,ICIR,1.593299
v1,2018,growth,成长,3,1M,1,neutralized,Neutralized,12,3,36,0.666667,0.05411,False,ICIR,ICIR,0.408348
v1,2018,momentum,动量,4,1M,1,neutralized,Neutralized,12,1,12,0.666667,0.103341,False,ICIR,ICIR,0.23475
v1,2018,reversal,反转,5,1M,1,neutralized,Neutralized,12,2,24,0.583333,0.052704,False,ICIR,ICIR,0.692845
v1,2018,risk,风险,6,1M,1,neutralized,Neutralized,12,3,36,0.75,0.113678,False,ICIR,ICIR,0.712332
v1,2019,value,价值,1,1M,1,neutralized,Neutralized,12,5,60,0.75,0.042633,False,ICIR,ICIR,0.685858
v1,2019,quality,质量,2,1M,1,neutralized,Neutralized,12,4,48,0.916667,0.021545,False,ICIR,ICIR,1.039992
v1,2019,growth,成长,3,1M,1,neutralized,Neutralized,12,3,36,0.666667,0.064668,False,ICIR,ICIR,0.563457
v1,2019,momentum,动量,4,1M,1,neutralized,Neutralized,12,1,12,0.5,0.089277,False,ICIR,ICIR,-0.054393
v1,2019,reversal,反转,5,1M,1,neutralized,Neutralized,12,2,24,0.583333,0.047857,False,ICIR,ICIR,0.414164
v1,2019,risk,风险,6,1M,1,neutralized,Neutralized,12,3,36,0.833333,0.082532,False,ICIR,ICIR,0.703644
v1,2020,value,价值,1,1M,1,neutralized,Neutralized,12,5,60,0.75,0.051505,False,ICIR,ICIR,0.528023
v1,2020,quality,质量,2,1M,1,neutralized,Neutralized,12,4,48,0.916667,0.014828,False,ICIR,ICIR,1.065107
v1,2020,growth,成长,3,1M,1,neutralized,Neutralized,12,3,36,0.75,0.062489,False,ICIR,ICIR,0.509879
v1,2020,momentum,动量,4,1M,1,neutralized,Neutralized,12,1,12,0.5,0.093953,False,ICIR,ICIR,-0.072648
v1,2020,reversal,反转,5,1M,1,neutralized,Neutralized,12,2,24,0.5,0.055864,False,ICIR,ICIR,0.078716
v1,2020,risk,风险,6,1M,1,neutralized,Neutralized,12,3,36,0.833333,0.081962,False,ICIR,ICIR,0.935544
v1,2021,value,价值,1,1M,1,neutralized,Neutralized,12,5,60,0.583333,0.075752,False,ICIR,ICIR,0.62066
v1,2021,quality,质量,2,1M,1,neutralized,Neutralized,12,4,48,0.916667,0.015565,False,ICIR,ICIR,1.136007
v1,2021,growth,成长,3,1M,1,neutralized,Neutralized,12,3,36,0.5,0.044293,False,ICIR,ICIR,-0.094335
v1,2021,momentum,动量,4,1M,1,neutralized,Neutralized,12,1,12,0.416667,0.079654,False,ICIR,ICIR,-0.407789
v1,2021,reversal,反转,5,1M,1,neutralized,Neutralized,12,2,24,0.833333,0.038792,False,ICIR,ICIR,1.040737
v1,2021,risk,风险,6,1M,1,neutralized,Neutralized,12,3,36,0.916667,0.100897,False,ICIR,ICIR,0.882362
v1,2022,value,价值,1,1M,1,neutralized,Neutralized,12,5,60,0.833333,0.048546,False,ICIR,ICIR,0.597178
v1,2022,quality,质量,2,1M,1,neutralized,Neutralized,12,4,48,0.75,0.020508,False,ICIR,ICIR,0.79271
v1,2022,growth,成长,3,1M,1,neutralized,Neutralized,12,3,36,0.5,0.048345,False,ICIR,ICIR,-0.062813
v1,2022,momentum,动量,4,1M,1,neutralized,Neutralized,12,1,12,0.333333,0.096955,False,ICIR,ICIR,-0.347531
v1,2022,reversal,反转,5,1M,1,neutralized,Neutralized,12,2,24,0.833333,0.055834,False,ICIR,ICIR,0.707953
v1,2022,risk,风险,6,1M,1,neutralized,Neutralized,12,3,36,0.75,0.083578,False,ICIR,ICIR,0.774078
v1,2023,value,价值,1,1M,1,neutralized,Neutralized,12,5,60,0.833333,0.059556,False,ICIR,ICIR,1.108713
v1,2023,quality,质量,2,1M,1,neutralized,Neutralized,12,4,48,0.833333,0.01824,False,ICIR,ICIR,1.051318
v1,2023,growth,成长,3,1M,1,neutralized,Neutralized,12,3,36,0.5,0.050448,False,ICIR,ICIR,-0.098032
v1,2023,momentum,动量,4,1M,1,neutralized,Neutralized,12,1,12,0.5,0.092272,False,ICIR,ICIR,-0.0626
v1,2023,reversal,反转,5,1M,1,neutralized,Neutralized,12,2,24,0.75,0.043536,False,ICIR,ICIR,0.833155
v1,2023,risk,风险,6,1M,1,neutralized,Neutralized,12,3,36,0.833333,0.080067,False,ICIR,ICIR,1.292454
v1,2024,value,价值,1,1M,1,neutralized,Neutralized,12,5,60,0.833333,0.07906,False,ICIR,ICIR,0.552931
v1,2024,quality,质量,2,1M,1,neutralized,Neutralized,12,4,48,0.666667,0.045042,False,ICIR,ICIR,0.399022
v1,2024,growth,成长,3,1M,1,neutralized,Neutralized,12,3,36,0.666667,0.065889,False,ICIR,ICIR,0.416834
v1,2024,momentum,动量,4,1M,1,neutralized,Neutralized,12,1,12,0.333333,0.114712,False,ICIR,ICIR,-0.302259
v1,2024,reversal,反转,5,1M,1,neutralized,Neutralized,12,2,24,0.666667,0.069865,False,ICIR,ICIR,0.459548
v1,2024,risk,风险,6,1M,1,neutralized,Neutralized,12,3,36,0.583333,0.103383,False,ICIR,ICIR,0.548463
v1,2025,value,价值,1,1M,1,neutralized,Neutralized,12,5,60,0.666667,0.063463,False,ICIR,ICIR,0.490696
v1,2025,quality,质量,2,1M,1,neutralized,Neutralized,12,4,48,0.666667,0.028027,False,ICIR,ICIR,0.29675
v1,2025,growth,成长,3,1M,1,neutralized,Neutralized,12,3,36,0.583333,0.051665,False,ICIR,ICIR,0.246007
v1,2025,momentum,动量,4,1M,1,neutralized,Neutralized,12,1,12,0.416667,0.085852,False,ICIR,ICIR,-0.363742
v1,2025,reversal,反转,5,1M,1,neutralized,Neutralized,12,2,24,0.916667,0.040407,False,ICIR,ICIR,1.101526
v1,2025,risk,风险,6,1M,1,neutralized,Neutralized,12,3,36,0.833333,0.083342,False,ICIR,ICIR,0.842164
v1,2026,value,价值,1,1M,1,neutralized,Neutralized,5,5,25,0.6,0.049478,True,ICIR,ICIR,-0.134396
v1,2026,quality,质量,2,1M,1,neutralized,Neutralized,5,4,20,0.6,0.008245,True,ICIR,ICIR,0.454436
v1,2026,growth,成长,3,1M,1,neutralized,Neutralized,5,3,15,0.8,0.0326,True,ICIR,ICIR,0.87148
v1,2026,momentum,动量,4,1M,1,neutralized,Neutralized,5,1,5,0.6,0.075391,True,ICIR,ICIR,0.477827
v1,2026,reversal,反转,5,1M,1,neutralized,Neutralized,5,2,10,0.6,0.050194,True,ICIR,ICIR,-0.176695
v1,2026,risk,风险,6,1M,1,neutralized,Neutralized,5,3,15,0.4,0.076688,True,ICIR,ICIR,-0.120298
v1,2015,value,价值,1,3M,3,neutralized,Neutralized,12,5,60,0.666667,0.088606,False,IC,IC Mean,0.066158
v1,2015,quality,质量,2,3M,3,neutralized,Neutralized,12,4,48,0.75,0.024334,False,IC,IC Mean,0.01546
v1,2015,growth,成长,3,3M,3,neutralized,Neutralized,12,3,36,0.75,0.045282,False,IC,IC Mean,0.039948
v1,2015,momentum,动量,4,3M,3,neutralized,Neutralized,12,1,12,0.416667,0.054719,False,IC,IC Mean,-0.014851
v1,2015,reversal,反转,5,3M,3,neutralized,Neutralized,12,2,24,1.0,0.060042,False,IC,IC Mean,0.079316
v1,2015,risk,风险,6,3M,3,neutralized,Neutralized,12,3,36,0.916667,0.069323,False,IC,IC Mean,0.080352
v1,2016,value,价值,1,3M,3,neutralized,Neutralized,12,5,60,1.0,0.053816,False,IC,IC Mean,0.111104
v1,2016,quality,质量,2,3M,3,neutralized,Neutralized,12,4,48,0.916667,0.013775,False,IC,IC Mean,0.024924
v1,2016,growth,成长,3,3M,3,neutralized,Neutralized,12,3,36,0.583333,0.057787,False,IC,IC Mean,0.016186
v1,2016,momentum,动量,4,3M,3,neutralized,Neutralized,12,1,12,0.25,0.058899,False,IC,IC Mean,-0.051051
v1,2016,reversal,反转,5,3M,3,neutralized,Neutralized,12,2,24,0.916667,0.043917,False,IC,IC Mean,0.07254
v1,2016,risk,风险,6,3M,3,neutralized,Neutralized,12,3,36,1.0,0.075348,False,IC,IC Mean,0.170358
v1,2017,value,价值,1,3M,3,neutralized,Neutralized,12,5,60,0.916667,0.050679,False,IC,IC Mean,0.088538
v1,2017,quality,质量,2,3M,3,neutralized,Neutralized,12,4,48,0.833333,0.026157,False,IC,IC Mean,0.033713
v1,2017,growth,成长,3,3M,3,neutralized,Neutralized,12,3,36,1.0,0.034092,False,IC,IC Mean,0.06023
v1,2017,momentum,动量,4,3M,3,neutralized,Neutralized,12,1,12,0.75,0.055393,False,IC,IC Mean,0.03327
v1,2017,reversal,反转,5,3M,3,neutralized,Neutralized,12,2,24,0.75,0.038228,False,IC,IC Mean,0.028482
v1,2017,risk,风险,6,3M,3,neutralized,Neutralized,12,3,36,1.0,0.054869,False,IC,IC Mean,0.11854
v1,2018,value,价值,1,3M,3,neutralized,Neutralized,12,5,60,0.833333,0.061351,False,IC,IC Mean,0.060701
v1,2018,quality,质量,2,3M,3,neutralized,Neutralized,12,4,48,1.0,0.015721,False,IC,IC Mean,0.020571
v1,2018,growth,成长,3,3M,3,neutralized,Neutralized,12,3,36,0.5,0.045336,False,IC,IC Mean,0.002137
v1,2018,momentum,动量,4,3M,3,neutralized,Neutralized,12,1,12,0.583333,0.091486,False,IC,IC Mean,0.008107
v1,2018,reversal,反转,5,3M,3,neutralized,Neutralized,12,2,24,0.833333,0.050189,False,IC,IC Mean,0.044505
v1,2018,risk,风险,6,3M,3,neutralized,Neutralized,12,3,36,0.75,0.109678,False,IC,IC Mean,0.108435
v1,2019,value,价值,1,3M,3,neutralized,Neutralized,12,5,60,0.916667,0.021632,False,IC,IC Mean,0.03852
v1,2019,quality,质量,2,3M,3,neutralized,Neutralized,12,4,48,1.0,0.013869,False,IC,IC Mean,0.033674
v1,2019,growth,成长,3,3M,3,neutralized,Neutralized,12,3,36,0.75,0.062961,False,IC,IC Mean,0.056526
v1,2019,momentum,动量,4,3M,3,neutralized,Neutralized,12,1,12,0.583333,0.050195,False,IC,IC Mean,0.007511
v1,2019,reversal,反转,5,3M,3,neutralized,Neutralized,12,2,24,0.333333,0.026015,False,IC,IC Mean,-0.013843
v1,2019,risk,风险,6,3M,3,neutralized,Neutralized,12,3,36,1.0,0.033003,False,IC,IC Mean,0.0922
v1,2020,value,价值,1,3M,3,neutralized,Neutralized,12,5,60,0.916667,0.05045,False,IC,IC Mean,0.047956
v1,2020,quality,质量,2,3M,3,neutralized,Neutralized,12,4,48,1.0,0.014986,False,IC,IC Mean,0.026507
v1,2020,growth,成长,3,3M,3,neutralized,Neutralized,12,3,36,0.666667,0.0578,False,IC,IC Mean,0.038371
v1,2020,momentum,动量,4,3M,3,neutralized,Neutralized,12,1,12,0.666667,0.090991,False,IC,IC Mean,0.004739
v1,2020,reversal,反转,5,3M,3,neutralized,Neutralized,12,2,24,0.583333,0.058307,False,IC,IC Mean,0.008105
v1,2020,risk,风险,6,3M,3,neutralized,Neutralized,12,3,36,0.916667,0.06092,False,IC,IC Mean,0.113268
v1,2021,value,价值,1,3M,3,neutralized,Neutralized,12,5,60,0.833333,0.067829,False,IC,IC Mean,0.069433
v1,2021,quality,质量,2,3M,3,neutralized,Neutralized,12,4,48,1.0,0.016091,False,IC,IC Mean,0.021296
v1,2021,growth,成长,3,3M,3,neutralized,Neutralized,12,3,36,0.333333,0.051971,False,IC,IC Mean,-0.010277
v1,2021,momentum,动量,4,3M,3,neutralized,Neutralized,12,1,12,0.5,0.065983,False,IC,IC Mean,-0.019463
v1,2021,reversal,反转,5,3M,3,neutralized,Neutralized,12,2,24,0.916667,0.037173,False,IC,IC Mean,0.056523
v1,2021,risk,风险,6,3M,3,neutralized,Neutralized,12,3,36,0.833333,0.086706,False,IC,IC Mean,0.11986
v1,2022,value,价值,1,3M,3,neutralized,Neutralized,12,5,60,0.833333,0.054146,False,IC,IC Mean,0.058788
v1,2022,quality,质量,2,3M,3,neutralized,Neutralized,12,4,48,1.0,0.011988,False,IC,IC Mean,0.034629
v1,2022,growth,成长,3,3M,3,neutralized,Neutralized,12,3,36,0.333333,0.038561,False,IC,IC Mean,-0.027017
v1,2022,momentum,动量,4,3M,3,neutralized,Neutralized,12,1,12,0.25,0.067453,False,IC,IC Mean,-0.039199
v1,2022,reversal,反转,5,3M,3,neutralized,Neutralized,12,2,24,0.833333,0.055337,False,IC,IC Mean,0.0562
v1,2022,risk,风险,6,3M,3,neutralized,Neutralized,12,3,36,1.0,0.068656,False,IC,IC Mean,0.127541
v1,2023,value,价值,1,3M,3,neutralized,Neutralized,12,5,60,0.916667,0.060592,False,IC,IC Mean,0.089911
v1,2023,quality,质量,2,3M,3,neutralized,Neutralized,12,4,48,0.916667,0.012712,False,IC,IC Mean,0.023064
v1,2023,growth,成长,3,3M,3,neutralized,Neutralized,12,3,36,0.25,0.056649,False,IC,IC Mean,-0.00268
v1,2023,momentum,动量,4,3M,3,neutralized,Neutralized,12,1,12,0.583333,0.059297,False,IC,IC Mean,0.002918
v1,2023,reversal,反转,5,3M,3,neutralized,Neutralized,12,2,24,0.666667,0.052499,False,IC,IC Mean,0.040128
v1,2023,risk,风险,6,3M,3,neutralized,Neutralized,12,3,36,1.0,0.062157,False,IC,IC Mean,0.118939
v1,2024,value,价值,1,3M,3,neutralized,Neutralized,12,5,60,0.75,0.084923,False,IC,IC Mean,0.051949
v1,2024,quality,质量,2,3M,3,neutralized,Neutralized,12,4,48,0.583333,0.054377,False,IC,IC Mean,0.020315
v1,2024,growth,成长,3,3M,3,neutralized,Neutralized,12,3,36,0.75,0.052182,False,IC,IC Mean,0.036325
v1,2024,momentum,动量,4,3M,3,neutralized,Neutralized,12,1,12,0.416667,0.084128,False,IC,IC Mean,-0.044416
v1,2024,reversal,反转,5,3M,3,neutralized,Neutralized,12,2,24,0.833333,0.051702,False,IC,IC Mean,0.037829
v1,2024,risk,风险,6,3M,3,neutralized,Neutralized,12,3,36,0.833333,0.067466,False,IC,IC Mean,0.079291
v1,2025,value,价值,1,3M,3,neutralized,Neutralized,12,5,60,0.75,0.044425,False,IC,IC Mean,0.034985
v1,2025,quality,质量,2,3M,3,neutralized,Neutralized,12,4,48,0.833333,0.014932,False,IC,IC Mean,0.0083
v1,2025,growth,成长,3,3M,3,neutralized,Neutralized,12,3,36,0.583333,0.041365,False,IC,IC Mean,0.021952
v1,2025,momentum,动量,4,3M,3,neutralized,Neutralized,12,1,12,0.333333,0.057771,False,IC,IC Mean,-0.021231
v1,2025,reversal,反转,5,3M,3,neutralized,Neutralized,12,2,24,0.916667,0.027888,False,IC,IC Mean,0.04454
v1,2025,risk,风险,6,3M,3,neutralized,Neutralized,12,3,36,0.916667,0.056079,False,IC,IC Mean,0.082328
v1,2026,value,价值,1,3M,3,neutralized,Neutralized,3,5,15,0.0,0.004817,True,IC,IC Mean,-0.018606
v1,2026,quality,质量,2,3M,3,neutralized,Neutralized,3,4,12,0.666667,0.009171,True,IC,IC Mean,0.001295
v1,2026,growth,成长,3,3M,3,neutralized,Neutralized,3,3,9,1.0,0.012121,True,IC,IC Mean,0.034347
v1,2026,momentum,动量,4,3M,3,neutralized,Neutralized,3,1,3,1.0,0.019598,True,IC,IC Mean,0.07183
v1,2026,reversal,反转,5,3M,3,neutralized,Neutralized,3,2,6,0.666667,0.024649,True,IC,IC Mean,0.021884
v1,2026,risk,风险,6,3M,3,neutralized,Neutralized,3,3,9,0.666667,0.031204,True,IC,IC Mean,0.001426
v1,2015,value,价值,1,3M,3,neutralized,Neutralized,12,5,60,0.666667,0.088606,False,ICIR,ICIR,0.746648
v1,2015,quality,质量,2,3M,3,neutralized,Neutralized,12,4,48,0.75,0.024334,False,ICIR,ICIR,0.635338
v1,2015,growth,成长,3,3M,3,neutralized,Neutralized,12,3,36,0.75,0.045282,False,ICIR,ICIR,0.882217
v1,2015,momentum,动量,4,3M,3,neutralized,Neutralized,12,1,12,0.416667,0.054719,False,ICIR,ICIR,-0.271409
v1,2015,reversal,反转,5,3M,3,neutralized,Neutralized,12,2,24,1.0,0.060042,False,ICIR,ICIR,1.321023
v1,2015,risk,风险,6,3M,3,neutralized,Neutralized,12,3,36,0.916667,0.069323,False,ICIR,ICIR,1.159101
v1,2016,value,价值,1,3M,3,neutralized,Neutralized,12,5,60,1.0,0.053816,False,ICIR,ICIR,2.064514
v1,2016,quality,质量,2,3M,3,neutralized,Neutralized,12,4,48,0.916667,0.013775,False,ICIR,ICIR,1.809371
v1,2016,growth,成长,3,3M,3,neutralized,Neutralized,12,3,36,0.583333,0.057787,False,ICIR,ICIR,0.280099
v1,2016,momentum,动量,4,3M,3,neutralized,Neutralized,12,1,12,0.25,0.058899,False,ICIR,ICIR,-0.866752
v1,2016,reversal,反转,5,3M,3,neutralized,Neutralized,12,2,24,0.916667,0.043917,False,ICIR,ICIR,1.651749
v1,2016,risk,风险,6,3M,3,neutralized,Neutralized,12,3,36,1.0,0.075348,False,ICIR,ICIR,2.260948
v1,2017,value,价值,1,3M,3,neutralized,Neutralized,12,5,60,0.916667,0.050679,False,ICIR,ICIR,1.747012
v1,2017,quality,质量,2,3M,3,neutralized,Neutralized,12,4,48,0.833333,0.026157,False,ICIR,ICIR,1.288881
v1,2017,growth,成长,3,3M,3,neutralized,Neutralized,12,3,36,1.0,0.034092,False,ICIR,ICIR,1.766678
v1,2017,momentum,动量,4,3M,3,neutralized,Neutralized,12,1,12,0.75,0.055393,False,ICIR,ICIR,0.60061
v1,2017,reversal,反转,5,3M,3,neutralized,Neutralized,12,2,24,0.75,0.038228,False,ICIR,ICIR,0.745041
v1,2017,risk,风险,6,3M,3,neutralized,Neutralized,12,3,36,1.0,0.054869,False,ICIR,ICIR,2.160405
v1,2018,value,价值,1,3M,3,neutralized,Neutralized,12,5,60,0.833333,0.061351,False,ICIR,ICIR,0.989405
v1,2018,quality,质量,2,3M,3,neutralized,Neutralized,12,4,48,1.0,0.015721,False,ICIR,ICIR,1.308541
v1,2018,growth,成长,3,3M,3,neutralized,Neutralized,12,3,36,0.5,0.045336,False,ICIR,ICIR,0.047143
v1,2018,momentum,动量,4,3M,3,neutralized,Neutralized,12,1,12,0.583333,0.091486,False,ICIR,ICIR,0.088612
v1,2018,reversal,反转,5,3M,3,neutralized,Neutralized,12,2,24,0.833333,0.050189,False,ICIR,ICIR,0.886757
v1,2018,risk,风险,6,3M,3,neutralized,Neutralized,12,3,36,0.75,0.109678,False,ICIR,ICIR,0.988658
v1,2019,value,价值,1,3M,3,neutralized,Neutralized,12,5,60,0.916667,0.021632,False,ICIR,ICIR,1.78068
v1,2019,quality,质量,2,3M,3,neutralized,Neutralized,12,4,48,1.0,0.013869,False,ICIR,ICIR,2.428017
v1,2019,growth,成长,3,3M,3,neutralized,Neutralized,12,3,36,0.75,0.062961,False,ICIR,ICIR,0.89779
v1,2019,momentum,动量,4,3M,3,neutralized,Neutralized,12,1,12,0.583333,0.050195,False,ICIR,ICIR,0.14963
v1,2019,reversal,反转,5,3M,3,neutralized,Neutralized,12,2,24,0.333333,0.026015,False,ICIR,ICIR,-0.532112
v1,2019,risk,风险,6,3M,3,neutralized,Neutralized,12,3,36,1.0,0.033003,False,ICIR,ICIR,2.793656
v1,2020,value,价值,1,3M,3,neutralized,Neutralized,12,5,60,0.916667,0.05045,False,ICIR,ICIR,0.950568
v1,2020,quality,质量,2,3M,3,neutralized,Neutralized,12,4,48,1.0,0.014986,False,ICIR,ICIR,1.768801
v1,2020,growth,成长,3,3M,3,neutralized,Neutralized,12,3,36,0.666667,0.0578,False,ICIR,ICIR,0.663856
v1,2020,momentum,动量,4,3M,3,neutralized,Neutralized,12,1,12,0.666667,0.090991,False,ICIR,ICIR,0.052076
v1,2020,reversal,反转,5,3M,3,neutralized,Neutralized,12,2,24,0.583333,0.058307,False,ICIR,ICIR,0.139007
v1,2020,risk,风险,6,3M,3,neutralized,Neutralized,12,3,36,0.916667,0.06092,False,ICIR,ICIR,1.85929
v1,2021,value,价值,1,3M,3,neutralized,Neutralized,12,5,60,0.833333,0.067829,False,ICIR,ICIR,1.023645
v1,2021,quality,质量,2,3M,3,neutralized,Neutralized,12,4,48,1.0,0.016091,False,ICIR,ICIR,1.323492
v1,2021,growth,成长,3,3M,3,neutralized,Neutralized,12,3,36,0.333333,0.051971,False,ICIR,ICIR,-0.197752
v1,2021,momentum,动量,4,3M,3,neutralized,Neutralized,12,1,12,0.5,0.065983,False,ICIR,ICIR,-0.294973
v1,2021,reversal,反转,5,3M,3,neutralized,Neutralized,12,2,24,0.916667,0.037173,False,ICIR,ICIR,1.520528
v1,2021,risk,风险,6,3M,3,neutralized,Neutralized,12,3,36,0.833333,0.086706,False,ICIR,ICIR,1.382377
v1,2022,value,价值,1,3M,3,neutralized,Neutralized,12,5,60,0.833333,0.054146,False,ICIR,ICIR,1.085717
v1,2022,quality,质量,2,3M,3,neutralized,Neutralized,12,4,48,1.0,0.011988,False,ICIR,ICIR,2.888505
v1,2022,growth,成长,3,3M,3,neutralized,Neutralized,12,3,36,0.333333,0.038561,False,ICIR,ICIR,-0.700623
v1,2022,momentum,动量,4,3M,3,neutralized,Neutralized,12,1,12,0.25,0.067453,False,ICIR,ICIR,-0.581123
v1,2022,reversal,反转,5,3M,3,neutralized,Neutralized,12,2,24,0.833333,0.055337,False,ICIR,ICIR,1.015579
v1,2022,risk,风险,6,3M,3,neutralized,Neutralized,12,3,36,1.0,0.068656,False,ICIR,ICIR,1.857688
v1,2023,value,价值,1,3M,3,neutralized,Neutralized,12,5,60,0.916667,0.060592,False,ICIR,ICIR,1.483891
v1,2023,quality,质量,2,3M,3,neutralized,Neutralized,12,4,48,0.916667,0.012712,False,ICIR,ICIR,1.814372
v1,2023,growth,成长,3,3M,3,neutralized,Neutralized,12,3,36,0.25,0.056649,False,ICIR,ICIR,-0.047311
v1,2023,momentum,动量,4,3M,3,neutralized,Neutralized,12,1,12,0.583333,0.059297,False,ICIR,ICIR,0.049206
v1,2023,reversal,反转,5,3M,3,neutralized,Neutralized,12,2,24,0.666667,0.052499,False,ICIR,ICIR,0.764362
v1,2023,risk,风险,6,3M,3,neutralized,Neutralized,12,3,36,1.0,0.062157,False,ICIR,ICIR,1.913531
v1,2024,value,价值,1,3M,3,neutralized,Neutralized,12,5,60,0.75,0.084923,False,ICIR,ICIR,0.611714
v1,2024,quality,质量,2,3M,3,neutralized,Neutralized,12,4,48,0.583333,0.054377,False,ICIR,ICIR,0.373593
v1,2024,growth,成长,3,3M,3,neutralized,Neutralized,12,3,36,0.75,0.052182,False,ICIR,ICIR,0.696116
v1,2024,momentum,动量,4,3M,3,neutralized,Neutralized,12,1,12,0.416667,0.084128,False,ICIR,ICIR,-0.52796
v1,2024,reversal,反转,5,3M,3,neutralized,Neutralized,12,2,24,0.833333,0.051702,False,ICIR,ICIR,0.731663
v1,2024,risk,风险,6,3M,3,neutralized,Neutralized,12,3,36,0.833333,0.067466,False,ICIR,ICIR,1.175273
v1,2025,value,价值,1,3M,3,neutralized,Neutralized,12,5,60,0.75,0.044425,False,ICIR,ICIR,0.787506
v1,2025,quality,质量,2,3M,3,neutralized,Neutralized,12,4,48,0.833333,0.014932,False,ICIR,ICIR,0.555871
v1,2025,growth,成长,3,3M,3,neutralized,Neutralized,12,3,36,0.583333,0.041365,False,ICIR,ICIR,0.530675
v1,2025,momentum,动量,4,3M,3,neutralized,Neutralized,12,1,12,0.333333,0.057771,False,ICIR,ICIR,-0.3675
v1,2025,reversal,反转,5,3M,3,neutralized,Neutralized,12,2,24,0.916667,0.027888,False,ICIR,ICIR,1.597127
v1,2025,risk,风险,6,3M,3,neutralized,Neutralized,12,3,36,0.916667,0.056079,False,ICIR,ICIR,1.46809
v1,2026,value,价值,1,3M,3,neutralized,Neutralized,3,5,15,0.0,0.004817,True,ICIR,ICIR,-3.862645
v1,2026,quality,质量,2,3M,3,neutralized,Neutralized,3,4,12,0.666667,0.009171,True,ICIR,ICIR,0.141212
v1,2026,growth,成长,3,3M,3,neutralized,Neutralized,3,3,9,1.0,0.012121,True,ICIR,ICIR,2.833704
v1,2026,momentum,动量,4,3M,3,neutralized,Neutralized,3,1,3,1.0,0.019598,True,ICIR,ICIR,3.66515
v1,2026,reversal,反转,5,3M,3,neutralized,Neutralized,3,2,6,0.666667,0.024649,True,ICIR,ICIR,0.887818
v1,2026,risk,风险,6,3M,3,neutralized,Neutralized,3,3,9,0.666667,0.031204,True,ICIR,ICIR,0.045689
v1,2015,value,价值,1,6M,6,neutralized,Neutralized,12,5,60,1.0,0.039677,False,IC,IC Mean,0.067344
v1,2015,quality,质量,2,6M,6,neutralized,Neutralized,12,4,48,1.0,0.015579,False,IC,IC Mean,0.025511
v1,2015,growth,成长,3,6M,6,neutralized,Neutralized,12,3,36,1.0,0.024758,False,IC,IC Mean,0.069199
v1,2015,momentum,动量,4,6M,6,neutralized,Neutralized,12,1,12,0.25,0.05752,False,IC,IC Mean,-0.028454
v1,2015,reversal,反转,5,6M,6,neutralized,Neutralized,12,2,24,0.833333,0.049375,False,IC,IC Mean,0.05873
v1,2015,risk,风险,6,6M,6,neutralized,Neutralized,12,3,36,1.0,0.039986,False,IC,IC Mean,0.104255
v1,2016,value,价值,1,6M,6,neutralized,Neutralized,12,5,60,1.0,0.031102,False,IC,IC Mean,0.159798
v1,2016,quality,质量,2,6M,6,neutralized,Neutralized,12,4,48,1.0,0.015705,False,IC,IC Mean,0.043884
v1,2016,growth,成长,3,6M,6,neutralized,Neutralized,12,3,36,0.5,0.03867,False,IC,IC Mean,1.3e-05
v1,2016,momentum,动量,4,6M,6,neutralized,Neutralized,12,1,12,0.25,0.062392,False,IC,IC Mean,-0.06466
v1,2016,reversal,反转,5,6M,6,neutralized,Neutralized,12,2,24,1.0,0.045218,False,IC,IC Mean,0.095553
v1,2016,risk,风险,6,6M,6,neutralized,Neutralized,12,3,36,1.0,0.061855,False,IC,IC Mean,0.214362
v1,2017,value,价值,1,6M,6,neutralized,Neutralized,12,5,60,1.0,0.03578,False,IC,IC Mean,0.094275
v1,2017,quality,质量,2,6M,6,neutralized,Neutralized,12,4,48,1.0,0.01642,False,IC,IC Mean,0.034333
v1,2017,growth,成长,3,6M,6,neutralized,Neutralized,12,3,36,1.0,0.027333,False,IC,IC Mean,0.06101
v1,2017,momentum,动量,4,6M,6,neutralized,Neutralized,12,1,12,0.916667,0.041575,False,IC,IC Mean,0.045825
v1,2017,reversal,反转,5,6M,6,neutralized,Neutralized,12,2,24,0.916667,0.022659,False,IC,IC Mean,0.027948
v1,2017,risk,风险,6,6M,6,neutralized,Neutralized,12,3,36,0.833333,0.065902,False,IC,IC Mean,0.109191
v1,2018,value,价值,1,6M,6,neutralized,Neutralized,12,5,60,1.0,0.045948,False,IC,IC Mean,0.087429
v1,2018,quality,质量,2,6M,6,neutralized,Neutralized,12,4,48,1.0,0.010894,False,IC,IC Mean,0.030029
v1,2018,growth,成长,3,6M,6,neutralized,Neutralized,12,3,36,0.166667,0.02501,False,IC,IC Mean,-0.023458
v1,2018,momentum,动量,4,6M,6,neutralized,Neutralized,12,1,12,0.416667,0.086161,False,IC,IC Mean,-0.031524
v1,2018,reversal,反转,5,6M,6,neutralized,Neutralized,12,2,24,0.916667,0.042145,False,IC,IC Mean,0.056803
v1,2018,risk,风险,6,6M,6,neutralized,Neutralized,12,3,36,0.916667,0.086019,False,IC,IC Mean,0.155264
v1,2019,value,价值,1,6M,6,neutralized,Neutralized,12,5,60,0.916667,0.024856,False,IC,IC Mean,0.02749
v1,2019,quality,质量,2,6M,6,neutralized,Neutralized,12,4,48,1.0,0.007041,False,IC,IC Mean,0.048272
v1,2019,growth,成长,3,6M,6,neutralized,Neutralized,12,3,36,0.833333,0.054885,False,IC,IC Mean,0.068753
v1,2019,momentum,动量,4,6M,6,neutralized,Neutralized,12,1,12,0.666667,0.056799,False,IC,IC Mean,0.042914
v1,2019,reversal,反转,5,6M,6,neutralized,Neutralized,12,2,24,0.083333,0.022658,False,IC,IC Mean,-0.02759
v1,2019,risk,风险,6,6M,6,neutralized,Neutralized,12,3,36,1.0,0.03232,False,IC,IC Mean,0.0898
v1,2020,value,价值,1,6M,6,neutralized,Neutralized,12,5,60,0.916667,0.03924,False,IC,IC Mean,0.062973
v1,2020,quality,质量,2,6M,6,neutralized,Neutralized,12,4,48,1.0,0.014761,False,IC,IC Mean,0.030504
v1,2020,growth,成长,3,6M,6,neutralized,Neutralized,12,3,36,0.75,0.030666,False,IC,IC Mean,0.020071
v1,2020,momentum,动量,4,6M,6,neutralized,Neutralized,12,1,12,0.583333,0.074298,False,IC,IC Mean,0.008474
v1,2020,reversal,反转,5,6M,6,neutralized,Neutralized,12,2,24,0.666667,0.039768,False,IC,IC Mean,0.010785
v1,2020,risk,风险,6,6M,6,neutralized,Neutralized,12,3,36,1.0,0.051359,False,IC,IC Mean,0.129283
v1,2021,value,价值,1,6M,6,neutralized,Neutralized,12,5,60,1.0,0.053179,False,IC,IC Mean,0.091935
v1,2021,quality,质量,2,6M,6,neutralized,Neutralized,12,4,48,1.0,0.007201,False,IC,IC Mean,0.02607
v1,2021,growth,成长,3,6M,6,neutralized,Neutralized,12,3,36,0.333333,0.041207,False,IC,IC Mean,-0.013987
v1,2021,momentum,动量,4,6M,6,neutralized,Neutralized,12,1,12,0.333333,0.06258,False,IC,IC Mean,-0.013633
v1,2021,reversal,反转,5,6M,6,neutralized,Neutralized,12,2,24,1.0,0.033327,False,IC,IC Mean,0.061553
v1,2021,risk,风险,6,6M,6,neutralized,Neutralized,12,3,36,1.0,0.081866,False,IC,IC Mean,0.144234
v1,2022,value,价值,1,6M,6,neutralized,Neutralized,12,5,60,1.0,0.051544,False,IC,IC Mean,0.087083
v1,2022,quality,质量,2,6M,6,neutralized,Neutralized,12,4,48,1.0,0.009238,False,IC,IC Mean,0.047214
v1,2022,growth,成长,3,6M,6,neutralized,Neutralized,12,3,36,0.083333,0.029714,False,IC,IC Mean,-0.044798
v1,2022,momentum,动量,4,6M,6,neutralized,Neutralized,12,1,12,0.333333,0.073176,False,IC,IC Mean,-0.026529
v1,2022,reversal,反转,5,6M,6,neutralized,Neutralized,12,2,24,0.916667,0.054679,False,IC,IC Mean,0.075624
v1,2022,risk,风险,6,6M,6,neutralized,Neutralized,12,3,36,1.0,0.046011,False,IC,IC Mean,0.164858
v1,2023,value,价值,1,6M,6,neutralized,Neutralized,12,5,60,1.0,0.050378,False,IC,IC Mean,0.124475
v1,2023,quality,质量,2,6M,6,neutralized,Neutralized,12,4,48,1.0,0.026384,False,IC,IC Mean,0.039144
v1,2023,growth,成长,3,6M,6,neutralized,Neutralized,12,3,36,0.5,0.063214,False,IC,IC Mean,0.003175
v1,2023,momentum,动量,4,6M,6,neutralized,Neutralized,12,1,12,0.75,0.065649,False,IC,IC Mean,0.02975
v1,2023,reversal,反转,5,6M,6,neutralized,Neutralized,12,2,24,0.75,0.060098,False,IC,IC Mean,0.044352
v1,2023,risk,风险,6,6M,6,neutralized,Neutralized,12,3,36,1.0,0.052568,False,IC,IC Mean,0.131025
v1,2024,value,价值,1,6M,6,neutralized,Neutralized,12,5,60,0.583333,0.066978,False,IC,IC Mean,0.030515
v1,2024,quality,质量,2,6M,6,neutralized,Neutralized,12,4,48,0.583333,0.042471,False,IC,IC Mean,0.011846
v1,2024,growth,成长,3,6M,6,neutralized,Neutralized,12,3,36,0.833333,0.037877,False,IC,IC Mean,0.033321
v1,2024,momentum,动量,4,6M,6,neutralized,Neutralized,12,1,12,0.25,0.071028,False,IC,IC Mean,-0.046586
v1,2024,reversal,反转,5,6M,6,neutralized,Neutralized,12,2,24,0.916667,0.033442,False,IC,IC Mean,0.050952
v1,2024,risk,风险,6,6M,6,neutralized,Neutralized,12,3,36,1.0,0.05991,False,IC,IC Mean,0.082368
v1,2025,value,价值,1,6M,6,neutralized,Neutralized,12,5,60,0.833333,0.04086,False,IC,IC Mean,0.024809
v1,2025,quality,质量,2,6M,6,neutralized,Neutralized,12,4,48,0.75,0.011486,False,IC,IC Mean,0.00964
v1,2025,growth,成长,3,6M,6,neutralized,Neutralized,12,3,36,0.916667,0.025376,False,IC,IC Mean,0.036499
v1,2025,momentum,动量,4,6M,6,neutralized,Neutralized,12,1,12,0.416667,0.058378,False,IC,IC Mean,0.008313
v1,2025,reversal,反转,5,6M,6,neutralized,Neutralized,12,2,24,1.0,0.026329,False,IC,IC Mean,0.040241
v1,2025,risk,风险,6,6M,6,neutralized,Neutralized,12,3,36,1.0,0.043046,False,IC,IC Mean,0.071364
v1,2015,value,价值,1,6M,6,neutralized,Neutralized,12,5,60,1.0,0.039677,False,ICIR,ICIR,1.697297
v1,2015,quality,质量,2,6M,6,neutralized,Neutralized,12,4,48,1.0,0.015579,False,ICIR,ICIR,1.63747
v1,2015,growth,成长,3,6M,6,neutralized,Neutralized,12,3,36,1.0,0.024758,False,ICIR,ICIR,2.794996
v1,2015,momentum,动量,4,6M,6,neutralized,Neutralized,12,1,12,0.25,0.05752,False,ICIR,ICIR,-0.494681
v1,2015,reversal,反转,5,6M,6,neutralized,Neutralized,12,2,24,0.833333,0.049375,False,ICIR,ICIR,1.189467
v1,2015,risk,风险,6,6M,6,neutralized,Neutralized,12,3,36,1.0,0.039986,False,ICIR,ICIR,2.607251
v1,2016,value,价值,1,6M,6,neutralized,Neutralized,12,5,60,1.0,0.031102,False,ICIR,ICIR,5.137899
v1,2016,quality,质量,2,6M,6,neutralized,Neutralized,12,4,48,1.0,0.015705,False,ICIR,ICIR,2.794276
v1,2016,growth,成长,3,6M,6,neutralized,Neutralized,12,3,36,0.5,0.03867,False,ICIR,ICIR,0.000346
v1,2016,momentum,动量,4,6M,6,neutralized,Neutralized,12,1,12,0.25,0.062392,False,ICIR,ICIR,-1.03635
v1,2016,reversal,反转,5,6M,6,neutralized,Neutralized,12,2,24,1.0,0.045218,False,ICIR,ICIR,2.113156
v1,2016,risk,风险,6,6M,6,neutralized,Neutralized,12,3,36,1.0,0.061855,False,ICIR,ICIR,3.46558
v1,2017,value,价值,1,6M,6,neutralized,Neutralized,12,5,60,1.0,0.03578,False,ICIR,ICIR,2.634831
v1,2017,quality,质量,2,6M,6,neutralized,Neutralized,12,4,48,1.0,0.01642,False,ICIR,ICIR,2.090952
v1,2017,growth,成长,3,6M,6,neutralized,Neutralized,12,3,36,1.0,0.027333,False,ICIR,ICIR,2.232078
v1,2017,momentum,动量,4,6M,6,neutralized,Neutralized,12,1,12,0.916667,0.041575,False,ICIR,ICIR,1.102229
v1,2017,reversal,反转,5,6M,6,neutralized,Neutralized,12,2,24,0.916667,0.022659,False,ICIR,ICIR,1.233412
v1,2017,risk,风险,6,6M,6,neutralized,Neutralized,12,3,36,0.833333,0.065902,False,ICIR,ICIR,1.656877
v1,2018,value,价值,1,6M,6,neutralized,Neutralized,12,5,60,1.0,0.045948,False,ICIR,ICIR,1.902758
v1,2018,quality,质量,2,6M,6,neutralized,Neutralized,12,4,48,1.0,0.010894,False,ICIR,ICIR,2.756488
v1,2018,growth,成长,3,6M,6,neutralized,Neutralized,12,3,36,0.166667,0.02501,False,ICIR,ICIR,-0.937962
v1,2018,momentum,动量,4,6M,6,neutralized,Neutralized,12,1,12,0.416667,0.086161,False,ICIR,ICIR,-0.365872
v1,2018,reversal,反转,5,6M,6,neutralized,Neutralized,12,2,24,0.916667,0.042145,False,ICIR,ICIR,1.347826
v1,2018,risk,风险,6,6M,6,neutralized,Neutralized,12,3,36,0.916667,0.086019,False,ICIR,ICIR,1.804994
v1,2019,value,价值,1,6M,6,neutralized,Neutralized,12,5,60,0.916667,0.024856,False,ICIR,ICIR,1.105995
v1,2019,quality,质量,2,6M,6,neutralized,Neutralized,12,4,48,1.0,0.007041,False,ICIR,ICIR,6.856308
v1,2019,growth,成长,3,6M,6,neutralized,Neutralized,12,3,36,0.833333,0.054885,False,ICIR,ICIR,1.252655
v1,2019,momentum,动量,4,6M,6,neutralized,Neutralized,12,1,12,0.666667,0.056799,False,ICIR,ICIR,0.75554
v1,2019,reversal,反转,5,6M,6,neutralized,Neutralized,12,2,24,0.083333,0.022658,False,ICIR,ICIR,-1.21768
v1,2019,risk,风险,6,6M,6,neutralized,Neutralized,12,3,36,1.0,0.03232,False,ICIR,ICIR,2.778492
v1,2020,value,价值,1,6M,6,neutralized,Neutralized,12,5,60,0.916667,0.03924,False,ICIR,ICIR,1.604791
v1,2020,quality,质量,2,6M,6,neutralized,Neutralized,12,4,48,1.0,0.014761,False,ICIR,ICIR,2.066553
v1,2020,growth,成长,3,6M,6,neutralized,Neutralized,12,3,36,0.75,0.030666,False,ICIR,ICIR,0.654497
v1,2020,momentum,动量,4,6M,6,neutralized,Neutralized,12,1,12,0.583333,0.074298,False,ICIR,ICIR,0.114049
v1,2020,reversal,反转,5,6M,6,neutralized,Neutralized,12,2,24,0.666667,0.039768,False,ICIR,ICIR,0.2712
v1,2020,risk,风险,6,6M,6,neutralized,Neutralized,12,3,36,1.0,0.051359,False,ICIR,ICIR,2.517238
v1,2021,value,价值,1,6M,6,neutralized,Neutralized,12,5,60,1.0,0.053179,False,ICIR,ICIR,1.728797
v1,2021,quality,质量,2,6M,6,neutralized,Neutralized,12,4,48,1.0,0.007201,False,ICIR,ICIR,3.620225
v1,2021,growth,成长,3,6M,6,neutralized,Neutralized,12,3,36,0.333333,0.041207,False,ICIR,ICIR,-0.339419
v1,2021,momentum,动量,4,6M,6,neutralized,Neutralized,12,1,12,0.333333,0.06258,False,ICIR,ICIR,-0.217848
v1,2021,reversal,反转,5,6M,6,neutralized,Neutralized,12,2,24,1.0,0.033327,False,ICIR,ICIR,1.846947
v1,2021,risk,风险,6,6M,6,neutralized,Neutralized,12,3,36,1.0,0.081866,False,ICIR,ICIR,1.761822
v1,2022,value,价值,1,6M,6,neutralized,Neutralized,12,5,60,1.0,0.051544,False,ICIR,ICIR,1.689481
v1,2022,quality,质量,2,6M,6,neutralized,Neutralized,12,4,48,1.0,0.009238,False,ICIR,ICIR,5.110698
v1,2022,growth,成长,3,6M,6,neutralized,Neutralized,12,3,36,0.083333,0.029714,False,ICIR,ICIR,-1.507678
v1,2022,momentum,动量,4,6M,6,neutralized,Neutralized,12,1,12,0.333333,0.073176,False,ICIR,ICIR,-0.362539
v1,2022,reversal,反转,5,6M,6,neutralized,Neutralized,12,2,24,0.916667,0.054679,False,ICIR,ICIR,1.383061
v1,2022,risk,风险,6,6M,6,neutralized,Neutralized,12,3,36,1.0,0.046011,False,ICIR,ICIR,3.583016
v1,2023,value,价值,1,6M,6,neutralized,Neutralized,12,5,60,1.0,0.050378,False,ICIR,ICIR,2.470828
v1,2023,quality,质量,2,6M,6,neutralized,Neutralized,12,4,48,1.0,0.026384,False,ICIR,ICIR,1.483638
v1,2023,growth,成长,3,6M,6,neutralized,Neutralized,12,3,36,0.5,0.063214,False,ICIR,ICIR,0.050233
v1,2023,momentum,动量,4,6M,6,neutralized,Neutralized,12,1,12,0.75,0.065649,False,ICIR,ICIR,0.453169
v1,2023,reversal,反转,5,6M,6,neutralized,Neutralized,12,2,24,0.75,0.060098,False,ICIR,ICIR,0.737998
v1,2023,risk,风险,6,6M,6,neutralized,Neutralized,12,3,36,1.0,0.052568,False,ICIR,ICIR,2.492491
v1,2024,value,价值,1,6M,6,neutralized,Neutralized,12,5,60,0.583333,0.066978,False,ICIR,ICIR,0.455603
v1,2024,quality,质量,2,6M,6,neutralized,Neutralized,12,4,48,0.583333,0.042471,False,ICIR,ICIR,0.27893
v1,2024,growth,成长,3,6M,6,neutralized,Neutralized,12,3,36,0.833333,0.037877,False,ICIR,ICIR,0.879714
v1,2024,momentum,动量,4,6M,6,neutralized,Neutralized,12,1,12,0.25,0.071028,False,ICIR,ICIR,-0.655872
v1,2024,reversal,反转,5,6M,6,neutralized,Neutralized,12,2,24,0.916667,0.033442,False,ICIR,ICIR,1.523578
v1,2024,risk,风险,6,6M,6,neutralized,Neutralized,12,3,36,1.0,0.05991,False,ICIR,ICIR,1.374865
v1,2025,value,价值,1,6M,6,neutralized,Neutralized,12,5,60,0.833333,0.04086,False,ICIR,ICIR,0.607163
v1,2025,quality,质量,2,6M,6,neutralized,Neutralized,12,4,48,0.75,0.011486,False,ICIR,ICIR,0.839302
v1,2025,growth,成长,3,6M,6,neutralized,Neutralized,12,3,36,0.916667,0.025376,False,ICIR,ICIR,1.438303
v1,2025,momentum,动量,4,6M,6,neutralized,Neutralized,12,1,12,0.416667,0.058378,False,ICIR,ICIR,0.142405
v1,2025,reversal,反转,5,6M,6,neutralized,Neutralized,12,2,24,1.0,0.026329,False,ICIR,ICIR,1.528382
v1,2025,risk,风险,6,6M,6,neutralized,Neutralized,12,3,36,1.0,0.043046,False,ICIR,ICIR,1.657855
v1,2015,value,价值,1,1M,1,raw,Raw,12,5,60,0.5,0.186647,False,IC,IC Mean,0.008222
v1,2015,quality,质量,2,1M,1,raw,Raw,12,4,48,0.5,0.03863,False,IC,IC Mean,-4.9e-05
v1,2015,growth,成长,3,1M,1,raw,Raw,12,3,36,0.666667,0.083328,False,IC,IC Mean,0.030616
v1,2015,momentum,动量,4,1M,1,raw,Raw,12,1,12,0.25,0.096586,False,IC,IC Mean,-0.062034
v1,2015,reversal,反转,5,1M,1,raw,Raw,12,2,24,0.5,0.173107,False,IC,IC Mean,0.051809
v1,2015,risk,风险,6,1M,1,raw,Raw,12,3,36,0.5,0.198651,False,IC,IC Mean,0.007926
v1,2016,value,价值,1,1M,1,raw,Raw,12,5,60,0.75,0.143238,False,IC,IC Mean,0.06817
v1,2016,quality,质量,2,1M,1,raw,Raw,12,4,48,0.833333,0.0303,False,IC,IC Mean,0.008555
v1,2016,growth,成长,3,1M,1,raw,Raw,12,3,36,0.333333,0.073478,False,IC,IC Mean,-0.001864
v1,2016,momentum,动量,4,1M,1,raw,Raw,12,1,12,0.333333,0.092841,False,IC,IC Mean,-0.013472
v1,2016,reversal,反转,5,1M,1,raw,Raw,12,2,24,0.916667,0.095844,False,IC,IC Mean,0.09013
v1,2016,risk,风险,6,1M,1,raw,Raw,12,3,36,0.75,0.219178,False,IC,IC Mean,0.097254
v1,2017,value,价值,1,1M,1,raw,Raw,12,5,60,0.833333,0.11767,False,IC,IC Mean,0.107099
v1,2017,quality,质量,2,1M,1,raw,Raw,12,4,48,0.75,0.058812,False,IC,IC Mean,0.044293
v1,2017,growth,成长,3,1M,1,raw,Raw,12,3,36,0.833333,0.055575,False,IC,IC Mean,0.063121
v1,2017,momentum,动量,4,1M,1,raw,Raw,12,1,12,0.75,0.104161,False,IC,IC Mean,0.05906
v1,2017,reversal,反转,5,1M,1,raw,Raw,12,2,24,0.333333,0.079826,False,IC,IC Mean,0.004753
v1,2017,risk,风险,6,1M,1,raw,Raw,12,3,36,0.833333,0.167603,False,IC,IC Mean,0.174422
v1,2018,value,价值,1,1M,1,raw,Raw,12,5,60,0.666667,0.11867,False,IC,IC Mean,0.040951
v1,2018,quality,质量,2,1M,1,raw,Raw,12,4,48,0.833333,0.026815,False,IC,IC Mean,0.02425
v1,2018,growth,成长,3,1M,1,raw,Raw,12,3,36,0.583333,0.080165,False,IC,IC Mean,0.025873
v1,2018,momentum,动量,4,1M,1,raw,Raw,12,1,12,0.583333,0.159517,False,IC,IC Mean,0.025861
v1,2018,reversal,反转,5,1M,1,raw,Raw,12,2,24,0.583333,0.093601,False,IC,IC Mean,0.025901
v1,2018,risk,风险,6,1M,1,raw,Raw,12,3,36,0.75,0.150934,False,IC,IC Mean,0.10275
v1,2019,value,价值,1,1M,1,raw,Raw,12,5,60,0.5,0.111017,False,IC,IC Mean,-0.003575
v1,2019,quality,质量,2,1M,1,raw,Raw,12,4,48,0.75,0.050209,False,IC,IC Mean,0.023726
v1,2019,growth,成长,3,1M,1,raw,Raw,12,3,36,0.833333,0.085081,False,IC,IC Mean,0.039526
v1,2019,momentum,动量,4,1M,1,raw,Raw,12,1,12,0.583333,0.11475,False,IC,IC Mean,0.016839
v1,2019,reversal,反转,5,1M,1,raw,Raw,12,2,24,0.583333,0.114236,False,IC,IC Mean,0.032023
v1,2019,risk,风险,6,1M,1,raw,Raw,12,3,36,0.5,0.183474,False,IC,IC Mean,0.028507
v1,2020,value,价值,1,1M,1,raw,Raw,12,5,60,0.666667,0.104136,False,IC,IC Mean,0.031169
v1,2020,quality,质量,2,1M,1,raw,Raw,12,4,48,0.833333,0.027554,False,IC,IC Mean,0.029044
v1,2020,growth,成长,3,1M,1,raw,Raw,12,3,36,0.75,0.085254,False,IC,IC Mean,0.045519
v1,2020,momentum,动量,4,1M,1,raw,Raw,12,1,12,0.5,0.150677,False,IC,IC Mean,0.019739
v1,2020,reversal,反转,5,1M,1,raw,Raw,12,2,24,0.416667,0.09807,False,IC,IC Mean,-0.009435
v1,2020,risk,风险,6,1M,1,raw,Raw,12,3,36,0.75,0.141523,False,IC,IC Mean,0.100709
v1,2021,value,价值,1,1M,1,raw,Raw,12,5,60,0.5,0.160597,False,IC,IC Mean,0.051117
v1,2021,quality,质量,2,1M,1,raw,Raw,12,4,48,0.583333,0.050907,False,IC,IC Mean,0.0028
v1,2021,growth,成长,3,1M,1,raw,Raw,12,3,36,0.5,0.09778,False,IC,IC Mean,-0.017498
v1,2021,momentum,动量,4,1M,1,raw,Raw,12,1,12,0.416667,0.135362,False,IC,IC Mean,-0.062993
v1,2021,reversal,反转,5,1M,1,raw,Raw,12,2,24,0.75,0.081932,False,IC,IC Mean,0.056816
v1,2021,risk,风险,6,1M,1,raw,Raw,12,3,36,0.666667,0.192351,False,IC,IC Mean,0.074825
v1,2022,value,价值,1,1M,1,raw,Raw,12,5,60,0.583333,0.126623,False,IC,IC Mean,0.030763
v1,2022,quality,质量,2,1M,1,raw,Raw,12,4,48,0.5,0.06124,False,IC,IC Mean,0.009371
v1,2022,growth,成长,3,1M,1,raw,Raw,12,3,36,0.583333,0.076811,False,IC,IC Mean,-0.00339
v1,2022,momentum,动量,4,1M,1,raw,Raw,12,1,12,0.25,0.145088,False,IC,IC Mean,-0.079566
v1,2022,reversal,反转,5,1M,1,raw,Raw,12,2,24,0.833333,0.114367,False,IC,IC Mean,0.065315
v1,2022,risk,风险,6,1M,1,raw,Raw,12,3,36,0.5,0.188031,False,IC,IC Mean,0.065123
v1,2023,value,价值,1,1M,1,raw,Raw,12,5,60,0.666667,0.149098,False,IC,IC Mean,0.074294
v1,2023,quality,质量,2,1M,1,raw,Raw,12,4,48,0.666667,0.043797,False,IC,IC Mean,0.019004
v1,2023,growth,成长,3,1M,1,raw,Raw,12,3,36,0.333333,0.068825,False,IC,IC Mean,-0.019657
v1,2023,momentum,动量,4,1M,1,raw,Raw,12,1,12,0.5,0.158762,False,IC,IC Mean,-0.002781
v1,2023,reversal,反转,5,1M,1,raw,Raw,12,2,24,0.666667,0.085846,False,IC,IC Mean,0.053787
v1,2023,risk,风险,6,1M,1,raw,Raw,12,3,36,0.666667,0.215417,False,IC,IC Mean,0.09671
v1,2024,value,价值,1,1M,1,raw,Raw,12,5,60,0.583333,0.149656,False,IC,IC Mean,0.035638
v1,2024,quality,质量,2,1M,1,raw,Raw,12,4,48,0.583333,0.085958,False,IC,IC Mean,0.017667
v1,2024,growth,成长,3,1M,1,raw,Raw,12,3,36,0.583333,0.097852,False,IC,IC Mean,0.029689
v1,2024,momentum,动量,4,1M,1,raw,Raw,12,1,12,0.25,0.164094,False,IC,IC Mean,-0.047366
v1,2024,reversal,反转,5,1M,1,raw,Raw,12,2,24,0.583333,0.089554,False,IC,IC Mean,0.034986
v1,2024,risk,风险,6,1M,1,raw,Raw,12,3,36,0.666667,0.203652,False,IC,IC Mean,0.043174
v1,2025,value,价值,1,1M,1,raw,Raw,12,5,60,0.666667,0.119297,False,IC,IC Mean,0.015621
v1,2025,quality,质量,2,1M,1,raw,Raw,12,4,48,0.583333,0.046438,False,IC,IC Mean,-0.000191
v1,2025,growth,成长,3,1M,1,raw,Raw,12,3,36,0.583333,0.086694,False,IC,IC Mean,0.020498
v1,2025,momentum,动量,4,1M,1,raw,Raw,12,1,12,0.25,0.146017,False,IC,IC Mean,-0.048345
v1,2025,reversal,反转,5,1M,1,raw,Raw,12,2,24,0.75,0.07274,False,IC,IC Mean,0.051871
v1,2025,risk,风险,6,1M,1,raw,Raw,12,3,36,0.75,0.17066,False,IC,IC Mean,0.037897
v1,2026,value,价值,1,1M,1,raw,Raw,5,5,25,0.2,0.121718,True,IC,IC Mean,-0.02583
v1,2026,quality,质量,2,1M,1,raw,Raw,5,4,20,0.6,0.029573,True,IC,IC Mean,0.01082
v1,2026,growth,成长,3,1M,1,raw,Raw,5,3,15,0.8,0.078758,True,IC,IC Mean,0.052671
v1,2026,momentum,动量,4,1M,1,raw,Raw,5,1,5,0.8,0.15337,True,IC,IC Mean,0.075156
v1,2026,reversal,反转,5,1M,1,raw,Raw,5,2,10,0.6,0.105948,True,IC,IC Mean,-0.034576
v1,2026,risk,风险,6,1M,1,raw,Raw,5,3,15,0.2,0.175506,True,IC,IC Mean,-0.041165
v1,2015,value,价值,1,1M,1,raw,Raw,12,5,60,0.5,0.186647,False,ICIR,ICIR,0.04405
v1,2015,quality,质量,2,1M,1,raw,Raw,12,4,48,0.5,0.03863,False,ICIR,ICIR,-0.001269
v1,2015,growth,成长,3,1M,1,raw,Raw,12,3,36,0.666667,0.083328,False,ICIR,ICIR,0.367417
v1,2015,momentum,动量,4,1M,1,raw,Raw,12,1,12,0.25,0.096586,False,ICIR,ICIR,-0.64227
v1,2015,reversal,反转,5,1M,1,raw,Raw,12,2,24,0.5,0.173107,False,ICIR,ICIR,0.299286
v1,2015,risk,风险,6,1M,1,raw,Raw,12,3,36,0.5,0.198651,False,ICIR,ICIR,0.039897
v1,2016,value,价值,1,1M,1,raw,Raw,12,5,60,0.75,0.143238,False,ICIR,ICIR,0.47592
v1,2016,quality,质量,2,1M,1,raw,Raw,12,4,48,0.833333,0.0303,False,ICIR,ICIR,0.282354
v1,2016,growth,成长,3,1M,1,raw,Raw,12,3,36,0.333333,0.073478,False,ICIR,ICIR,-0.025373
v1,2016,momentum,动量,4,1M,1,raw,Raw,12,1,12,0.333333,0.092841,False,ICIR,ICIR,-0.145109
v1,2016,reversal,反转,5,1M,1,raw,Raw,12,2,24,0.916667,0.095844,False,ICIR,ICIR,0.940378
v1,2016,risk,风险,6,1M,1,raw,Raw,12,3,36,0.75,0.219178,False,ICIR,ICIR,0.443724
v1,2017,value,价值,1,1M,1,raw,Raw,12,5,60,0.833333,0.11767,False,ICIR,ICIR,0.91017
v1,2017,quality,质量,2,1M,1,raw,Raw,12,4,48,0.75,0.058812,False,ICIR,ICIR,0.753127
v1,2017,growth,成长,3,1M,1,raw,Raw,12,3,36,0.833333,0.055575,False,ICIR,ICIR,1.13578
v1,2017,momentum,动量,4,1M,1,raw,Raw,12,1,12,0.75,0.104161,False,ICIR,ICIR,0.567012
v1,2017,reversal,反转,5,1M,1,raw,Raw,12,2,24,0.333333,0.079826,False,ICIR,ICIR,0.059543
v1,2017,risk,风险,6,1M,1,raw,Raw,12,3,36,0.833333,0.167603,False,ICIR,ICIR,1.040685
v1,2018,value,价值,1,1M,1,raw,Raw,12,5,60,0.666667,0.11867,False,ICIR,ICIR,0.345085
v1,2018,quality,质量,2,1M,1,raw,Raw,12,4,48,0.833333,0.026815,False,ICIR,ICIR,0.904343
v1,2018,growth,成长,3,1M,1,raw,Raw,12,3,36,0.583333,0.080165,False,ICIR,ICIR,0.32274
v1,2018,momentum,动量,4,1M,1,raw,Raw,12,1,12,0.583333,0.159517,False,ICIR,ICIR,0.162118
v1,2018,reversal,反转,5,1M,1,raw,Raw,12,2,24,0.583333,0.093601,False,ICIR,ICIR,0.276714
v1,2018,risk,风险,6,1M,1,raw,Raw,12,3,36,0.75,0.150934,False,ICIR,ICIR,0.680765
v1,2019,value,价值,1,1M,1,raw,Raw,12,5,60,0.5,0.111017,False,ICIR,ICIR,-0.032204
v1,2019,quality,质量,2,1M,1,raw,Raw,12,4,48,0.75,0.050209,False,ICIR,ICIR,0.472536
v1,2019,growth,成长,3,1M,1,raw,Raw,12,3,36,0.833333,0.085081,False,ICIR,ICIR,0.464571
v1,2019,momentum,动量,4,1M,1,raw,Raw,12,1,12,0.583333,0.11475,False,ICIR,ICIR,0.146744
v1,2019,reversal,反转,5,1M,1,raw,Raw,12,2,24,0.583333,0.114236,False,ICIR,ICIR,0.280323
v1,2019,risk,风险,6,1M,1,raw,Raw,12,3,36,0.5,0.183474,False,ICIR,ICIR,0.155374
v1,2020,value,价值,1,1M,1,raw,Raw,12,5,60,0.666667,0.104136,False,ICIR,ICIR,0.299308
v1,2020,quality,质量,2,1M,1,raw,Raw,12,4,48,0.833333,0.027554,False,ICIR,ICIR,1.054078
v1,2020,growth,成长,3,1M,1,raw,Raw,12,3,36,0.75,0.085254,False,ICIR,ICIR,0.533926
v1,2020,momentum,动量,4,1M,1,raw,Raw,12,1,12,0.5,0.150677,False,ICIR,ICIR,0.131001
v1,2020,reversal,反转,5,1M,1,raw,Raw,12,2,24,0.416667,0.09807,False,ICIR,ICIR,-0.096208
v1,2020,risk,风险,6,1M,1,raw,Raw,12,3,36,0.75,0.141523,False,ICIR,ICIR,0.711613
v1,2021,value,价值,1,1M,1,raw,Raw,12,5,60,0.5,0.160597,False,ICIR,ICIR,0.318293
v1,2021,quality,质量,2,1M,1,raw,Raw,12,4,48,0.583333,0.050907,False,ICIR,ICIR,0.054997
v1,2021,growth,成长,3,1M,1,raw,Raw,12,3,36,0.5,0.09778,False,ICIR,ICIR,-0.178955
v1,2021,momentum,动量,4,1M,1,raw,Raw,12,1,12,0.416667,0.135362,False,ICIR,ICIR,-0.465367
v1,2021,reversal,反转,5,1M,1,raw,Raw,12,2,24,0.75,0.081932,False,ICIR,ICIR,0.693458
v1,2021,risk,风险,6,1M,1,raw,Raw,12,3,36,0.666667,0.192351,False,ICIR,ICIR,0.389003
v1,2022,value,价值,1,1M,1,raw,Raw,12,5,60,0.583333,0.126623,False,ICIR,ICIR,0.242952
v1,2022,quality,质量,2,1M,1,raw,Raw,12,4,48,0.5,0.06124,False,ICIR,ICIR,0.153028
v1,2022,growth,成长,3,1M,1,raw,Raw,12,3,36,0.583333,0.076811,False,ICIR,ICIR,-0.044133
v1,2022,momentum,动量,4,1M,1,raw,Raw,12,1,12,0.25,0.145088,False,ICIR,ICIR,-0.548397
v1,2022,reversal,反转,5,1M,1,raw,Raw,12,2,24,0.833333,0.114367,False,ICIR,ICIR,0.571101
v1,2022,risk,风险,6,1M,1,raw,Raw,12,3,36,0.5,0.188031,False,ICIR,ICIR,0.346345
v1,2023,value,价值,1,1M,1,raw,Raw,12,5,60,0.666667,0.149098,False,ICIR,ICIR,0.498293
v1,2023,quality,质量,2,1M,1,raw,Raw,12,4,48,0.666667,0.043797,False,ICIR,ICIR,0.433912
v1,2023,growth,成长,3,1M,1,raw,Raw,12,3,36,0.333333,0.068825,False,ICIR,ICIR,-0.285602
v1,2023,momentum,动量,4,1M,1,raw,Raw,12,1,12,0.5,0.158762,False,ICIR,ICIR,-0.017518
v1,2023,reversal,反转,5,1M,1,raw,Raw,12,2,24,0.666667,0.085846,False,ICIR,ICIR,0.626549
v1,2023,risk,风险,6,1M,1,raw,Raw,12,3,36,0.666667,0.215417,False,ICIR,ICIR,0.448943
v1,2024,value,价值,1,1M,1,raw,Raw,12,5,60,0.583333,0.149656,False,ICIR,ICIR,0.238135
v1,2024,quality,质量,2,1M,1,raw,Raw,12,4,48,0.583333,0.085958,False,ICIR,ICIR,0.205536
v1,2024,growth,成长,3,1M,1,raw,Raw,12,3,36,0.583333,0.097852,False,ICIR,ICIR,0.303407
v1,2024,momentum,动量,4,1M,1,raw,Raw,12,1,12,0.25,0.164094,False,ICIR,ICIR,-0.288653
v1,2024,reversal,反转,5,1M,1,raw,Raw,12,2,24,0.583333,0.089554,False,ICIR,ICIR,0.390672
v1,2024,risk,风险,6,1M,1,raw,Raw,12,3,36,0.666667,0.203652,False,ICIR,ICIR,0.212001
v1,2025,value,价值,1,1M,1,raw,Raw,12,5,60,0.666667,0.119297,False,ICIR,ICIR,0.130944
v1,2025,quality,质量,2,1M,1,raw,Raw,12,4,48,0.583333,0.046438,False,ICIR,ICIR,-0.004113
v1,2025,growth,成长,3,1M,1,raw,Raw,12,3,36,0.583333,0.086694,False,ICIR,ICIR,0.23644
v1,2025,momentum,动量,4,1M,1,raw,Raw,12,1,12,0.25,0.146017,False,ICIR,ICIR,-0.331088
v1,2025,reversal,反转,5,1M,1,raw,Raw,12,2,24,0.75,0.07274,False,ICIR,ICIR,0.713101
v1,2025,risk,风险,6,1M,1,raw,Raw,12,3,36,0.75,0.17066,False,ICIR,ICIR,0.222063
v1,2026,value,价值,1,1M,1,raw,Raw,5,5,25,0.2,0.121718,True,ICIR,ICIR,-0.212214
v1,2026,quality,质量,2,1M,1,raw,Raw,5,4,20,0.6,0.029573,True,ICIR,ICIR,0.365862
v1,2026,growth,成长,3,1M,1,raw,Raw,5,3,15,0.8,0.078758,True,ICIR,ICIR,0.668764
v1,2026,momentum,动量,4,1M,1,raw,Raw,5,1,5,0.8,0.15337,True,ICIR,ICIR,0.490032
v1,2026,reversal,反转,5,1M,1,raw,Raw,5,2,10,0.6,0.105948,True,ICIR,ICIR,-0.326352
v1,2026,risk,风险,6,1M,1,raw,Raw,5,3,15,0.2,0.175506,True,ICIR,ICIR,-0.234551
v1,2015,value,价值,1,3M,3,raw,Raw,12,5,60,0.583333,0.193055,False,IC,IC Mean,0.024255
v1,2015,quality,质量,2,3M,3,raw,Raw,12,4,48,0.5,0.053259,False,IC,IC Mean,-0.003337
v1,2015,growth,成长,3,3M,3,raw,Raw,12,3,36,0.666667,0.063027,False,IC,IC Mean,0.034153
v1,2015,momentum,动量,4,3M,3,raw,Raw,12,1,12,0.333333,0.066739,False,IC,IC Mean,-0.040191
v1,2015,reversal,反转,5,3M,3,raw,Raw,12,2,24,0.75,0.143151,False,IC,IC Mean,0.084421
v1,2015,risk,风险,6,3M,3,raw,Raw,12,3,36,0.583333,0.216975,False,IC,IC Mean,0.034877
v1,2016,value,价值,1,3M,3,raw,Raw,12,5,60,0.75,0.121526,False,IC,IC Mean,0.112259
v1,2016,quality,质量,2,3M,3,raw,Raw,12,4,48,0.666667,0.028652,False,IC,IC Mean,0.015795
v1,2016,growth,成长,3,3M,3,raw,Raw,12,3,36,0.5,0.090779,False,IC,IC Mean,-0.003076
v1,2016,momentum,动量,4,3M,3,raw,Raw,12,1,12,0.416667,0.090844,False,IC,IC Mean,-0.016681
v1,2016,reversal,反转,5,3M,3,raw,Raw,12,2,24,0.916667,0.087866,False,IC,IC Mean,0.099391
v1,2016,risk,风险,6,3M,3,raw,Raw,12,3,36,0.75,0.175697,False,IC,IC Mean,0.159211
v1,2017,value,价值,1,3M,3,raw,Raw,12,5,60,0.833333,0.116901,False,IC,IC Mean,0.163284
v1,2017,quality,质量,2,3M,3,raw,Raw,12,4,48,0.833333,0.066367,False,IC,IC Mean,0.072407
v1,2017,growth,成长,3,3M,3,raw,Raw,12,3,36,0.916667,0.063235,False,IC,IC Mean,0.094843
v1,2017,momentum,动量,4,3M,3,raw,Raw,12,1,12,0.833333,0.113529,False,IC,IC Mean,0.103464
v1,2017,reversal,反转,5,3M,3,raw,Raw,12,2,24,0.333333,0.078936,False,IC,IC Mean,-0.018809
v1,2017,risk,风险,6,3M,3,raw,Raw,12,3,36,1.0,0.142324,False,IC,IC Mean,0.267042
v1,2018,value,价值,1,3M,3,raw,Raw,12,5,60,0.75,0.129088,False,IC,IC Mean,0.051929
v1,2018,quality,质量,2,3M,3,raw,Raw,12,4,48,0.75,0.028072,False,IC,IC Mean,0.024591
v1,2018,growth,成长,3,3M,3,raw,Raw,12,3,36,0.416667,0.070929,False,IC,IC Mean,-0.004711
v1,2018,momentum,动量,4,3M,3,raw,Raw,12,1,12,0.583333,0.136201,False,IC,IC Mean,0.018092
v1,2018,reversal,反转,5,3M,3,raw,Raw,12,2,24,0.75,0.074767,False,IC,IC Mean,0.05864
v1,2018,risk,风险,6,3M,3,raw,Raw,12,3,36,0.833333,0.144047,False,IC,IC Mean,0.122668
v1,2019,value,价值,1,3M,3,raw,Raw,12,5,60,0.25,0.066943,False,IC,IC Mean,-0.013758
v1,2019,quality,质量,2,3M,3,raw,Raw,12,4,48,0.916667,0.035096,False,IC,IC Mean,0.03957
v1,2019,growth,成长,3,3M,3,raw,Raw,12,3,36,0.75,0.076405,False,IC,IC Mean,0.067385
v1,2019,momentum,动量,4,3M,3,raw,Raw,12,1,12,0.666667,0.084788,False,IC,IC Mean,0.039872
v1,2019,reversal,反转,5,3M,3,raw,Raw,12,2,24,0.416667,0.07217,False,IC,IC Mean,-0.010626
v1,2019,risk,风险,6,3M,3,raw,Raw,12,3,36,0.583333,0.104394,False,IC,IC Mean,0.051695
v1,2020,value,价值,1,3M,3,raw,Raw,12,5,60,0.75,0.104834,False,IC,IC Mean,0.074936
v1,2020,quality,质量,2,3M,3,raw,Raw,12,4,48,1.0,0.026987,False,IC,IC Mean,0.04942
v1,2020,growth,成长,3,3M,3,raw,Raw,12,3,36,0.75,0.070559,False,IC,IC Mean,0.050416
v1,2020,momentum,动量,4,3M,3,raw,Raw,12,1,12,0.666667,0.132875,False,IC,IC Mean,0.039791
v1,2020,reversal,反转,5,3M,3,raw,Raw,12,2,24,0.333333,0.083459,False,IC,IC Mean,-0.007636
v1,2020,risk,风险,6,3M,3,raw,Raw,12,3,36,0.833333,0.122562,False,IC,IC Mean,0.168188
v1,2021,value,价值,1,3M,3,raw,Raw,12,5,60,0.583333,0.140729,False,IC,IC Mean,0.066878
v1,2021,quality,质量,2,3M,3,raw,Raw,12,4,48,0.416667,0.037934,False,IC,IC Mean,-0.007629
v1,2021,growth,成长,3,3M,3,raw,Raw,12,3,36,0.333333,0.105399,False,IC,IC Mean,-0.023178
v1,2021,momentum,动量,4,3M,3,raw,Raw,12,1,12,0.416667,0.10096,False,IC,IC Mean,-0.039871
v1,2021,reversal,反转,5,3M,3,raw,Raw,12,2,24,0.916667,0.075051,False,IC,IC Mean,0.10872
v1,2021,risk,风险,6,3M,3,raw,Raw,12,3,36,0.75,0.165061,False,IC,IC Mean,0.0773
v1,2022,value,价值,1,3M,3,raw,Raw,12,5,60,0.75,0.098533,False,IC,IC Mean,0.049319
v1,2022,quality,质量,2,3M,3,raw,Raw,12,4,48,0.833333,0.043362,False,IC,IC Mean,0.022919
v1,2022,growth,成长,3,3M,3,raw,Raw,12,3,36,0.333333,0.076241,False,IC,IC Mean,-0.044125
v1,2022,momentum,动量,4,3M,3,raw,Raw,12,1,12,0.25,0.121451,False,IC,IC Mean,-0.074198
v1,2022,reversal,反转,5,3M,3,raw,Raw,12,2,24,0.916667,0.092102,False,IC,IC Mean,0.093908
v1,2022,risk,风险,6,3M,3,raw,Raw,12,3,36,0.916667,0.104021,False,IC,IC Mean,0.114729
v1,2023,value,价值,1,3M,3,raw,Raw,12,5,60,0.75,0.143195,False,IC,IC Mean,0.122915
v1,2023,quality,质量,2,3M,3,raw,Raw,12,4,48,0.75,0.058142,False,IC,IC Mean,0.032033
v1,2023,growth,成长,3,3M,3,raw,Raw,12,3,36,0.25,0.089292,False,IC,IC Mean,-0.013049
v1,2023,momentum,动量,4,3M,3,raw,Raw,12,1,12,0.416667,0.108345,False,IC,IC Mean,0.009926
v1,2023,reversal,反转,5,3M,3,raw,Raw,12,2,24,0.75,0.087795,False,IC,IC Mean,0.066391
v1,2023,risk,风险,6,3M,3,raw,Raw,12,3,36,0.75,0.172005,False,IC,IC Mean,0.15525
v1,2024,value,价值,1,3M,3,raw,Raw,12,5,60,0.583333,0.158231,False,IC,IC Mean,0.020759
v1,2024,quality,质量,2,3M,3,raw,Raw,12,4,48,0.666667,0.094018,False,IC,IC Mean,0.010114
v1,2024,growth,成长,3,3M,3,raw,Raw,12,3,36,0.75,0.086631,False,IC,IC Mean,0.037277
v1,2024,momentum,动量,4,3M,3,raw,Raw,12,1,12,0.5,0.149085,False,IC,IC Mean,-0.052274
v1,2024,reversal,反转,5,3M,3,raw,Raw,12,2,24,0.75,0.066155,False,IC,IC Mean,0.039583
v1,2024,risk,风险,6,3M,3,raw,Raw,12,3,36,0.5,0.180725,False,IC,IC Mean,0.012354
v1,2025,value,价值,1,3M,3,raw,Raw,12,5,60,0.583333,0.089766,False,IC,IC Mean,0.015469
v1,2025,quality,质量,2,3M,3,raw,Raw,12,4,48,0.666667,0.027802,False,IC,IC Mean,-0.006068
v1,2025,growth,成长,3,3M,3,raw,Raw,12,3,36,0.583333,0.072235,False,IC,IC Mean,0.037075
v1,2025,momentum,动量,4,3M,3,raw,Raw,12,1,12,0.333333,0.102183,False,IC,IC Mean,-0.022709
v1,2025,reversal,反转,5,3M,3,raw,Raw,12,2,24,0.833333,0.051709,False,IC,IC Mean,0.070074
v1,2025,risk,风险,6,3M,3,raw,Raw,12,3,36,0.5,0.117143,False,IC,IC Mean,0.030784
v1,2026,value,价值,1,3M,3,raw,Raw,3,5,15,0.0,0.046917,True,IC,IC Mean,-0.034704
v1,2026,quality,质量,2,3M,3,raw,Raw,3,4,12,1.0,0.011625,True,IC,IC Mean,0.014716
v1,2026,growth,成长,3,3M,3,raw,Raw,3,3,9,1.0,0.046325,True,IC,IC Mean,0.070922
v1,2026,momentum,动量,4,3M,3,raw,Raw,3,1,3,1.0,0.034163,True,IC,IC Mean,0.131914
v1,2026,reversal,反转,5,3M,3,raw,Raw,3,2,6,0.666667,0.039512,True,IC,IC Mean,0.01244
v1,2026,risk,风险,6,3M,3,raw,Raw,3,3,9,0.666667,0.0696,True,IC,IC Mean,-0.025572
v1,2015,value,价值,1,3M,3,raw,Raw,12,5,60,0.583333,0.193055,False,ICIR,ICIR,0.125638
v1,2015,quality,质量,2,3M,3,raw,Raw,12,4,48,0.5,0.053259,False,ICIR,ICIR,-0.062649
v1,2015,growth,成长,3,3M,3,raw,Raw,12,3,36,0.666667,0.063027,False,ICIR,ICIR,0.541877
v1,2015,momentum,动量,4,3M,3,raw,Raw,12,1,12,0.333333,0.066739,False,ICIR,ICIR,-0.602206
v1,2015,reversal,反转,5,3M,3,raw,Raw,12,2,24,0.75,0.143151,False,ICIR,ICIR,0.589733
v1,2015,risk,风险,6,3M,3,raw,Raw,12,3,36,0.583333,0.216975,False,ICIR,ICIR,0.160742
v1,2016,value,价值,1,3M,3,raw,Raw,12,5,60,0.75,0.121526,False,ICIR,ICIR,0.923745
v1,2016,quality,质量,2,3M,3,raw,Raw,12,4,48,0.666667,0.028652,False,ICIR,ICIR,0.55126
v1,2016,growth,成长,3,3M,3,raw,Raw,12,3,36,0.5,0.090779,False,ICIR,ICIR,-0.03388
v1,2016,momentum,动量,4,3M,3,raw,Raw,12,1,12,0.416667,0.090844,False,ICIR,ICIR,-0.183629
v1,2016,reversal,反转,5,3M,3,raw,Raw,12,2,24,0.916667,0.087866,False,ICIR,ICIR,1.131164
v1,2016,risk,风险,6,3M,3,raw,Raw,12,3,36,0.75,0.175697,False,ICIR,ICIR,0.90617
v1,2017,value,价值,1,3M,3,raw,Raw,12,5,60,0.833333,0.116901,False,ICIR,ICIR,1.396771
v1,2017,quality,质量,2,3M,3,raw,Raw,12,4,48,0.833333,0.066367,False,ICIR,ICIR,1.091017
v1,2017,growth,成长,3,3M,3,raw,Raw,12,3,36,0.916667,0.063235,False,ICIR,ICIR,1.499844
v1,2017,momentum,动量,4,3M,3,raw,Raw,12,1,12,0.833333,0.113529,False,ICIR,ICIR,0.911348
v1,2017,reversal,反转,5,3M,3,raw,Raw,12,2,24,0.333333,0.078936,False,ICIR,ICIR,-0.23828
v1,2017,risk,风险,6,3M,3,raw,Raw,12,3,36,1.0,0.142324,False,ICIR,ICIR,1.876292
v1,2018,value,价值,1,3M,3,raw,Raw,12,5,60,0.75,0.129088,False,ICIR,ICIR,0.402276
v1,2018,quality,质量,2,3M,3,raw,Raw,12,4,48,0.75,0.028072,False,ICIR,ICIR,0.875992
v1,2018,growth,成长,3,3M,3,raw,Raw,12,3,36,0.416667,0.070929,False,ICIR,ICIR,-0.066415
v1,2018,momentum,动量,4,3M,3,raw,Raw,12,1,12,0.583333,0.136201,False,ICIR,ICIR,0.132832
v1,2018,reversal,反转,5,3M,3,raw,Raw,12,2,24,0.75,0.074767,False,ICIR,ICIR,0.784304
v1,2018,risk,风险,6,3M,3,raw,Raw,12,3,36,0.833333,0.144047,False,ICIR,ICIR,0.851583
v1,2019,value,价值,1,3M,3,raw,Raw,12,5,60,0.25,0.066943,False,ICIR,ICIR,-0.205518
v1,2019,quality,质量,2,3M,3,raw,Raw,12,4,48,0.916667,0.035096,False,ICIR,ICIR,1.127463
v1,2019,growth,成长,3,3M,3,raw,Raw,12,3,36,0.75,0.076405,False,ICIR,ICIR,0.881943
v1,2019,momentum,动量,4,3M,3,raw,Raw,12,1,12,0.666667,0.084788,False,ICIR,ICIR,0.470257
v1,2019,reversal,反转,5,3M,3,raw,Raw,12,2,24,0.416667,0.07217,False,ICIR,ICIR,-0.147237
v1,2019,risk,风险,6,3M,3,raw,Raw,12,3,36,0.583333,0.104394,False,ICIR,ICIR,0.495188
v1,2020,value,价值,1,3M,3,raw,Raw,12,5,60,0.75,0.104834,False,ICIR,ICIR,0.714809
v1,2020,quality,质量,2,3M,3,raw,Raw,12,4,48,1.0,0.026987,False,ICIR,ICIR,1.831244
v1,2020,growth,成长,3,3M,3,raw,Raw,12,3,36,0.75,0.070559,False,ICIR,ICIR,0.714524
v1,2020,momentum,动量,4,3M,3,raw,Raw,12,1,12,0.666667,0.132875,False,ICIR,ICIR,0.299461
v1,2020,reversal,反转,5,3M,3,raw,Raw,12,2,24,0.333333,0.083459,False,ICIR,ICIR,-0.09149
v1,2020,risk,风险,6,3M,3,raw,Raw,12,3,36,0.833333,0.122562,False,ICIR,ICIR,1.372274
v1,2021,value,价值,1,3M,3,raw,Raw,12,5,60,0.583333,0.140729,False,ICIR,ICIR,0.475222
v1,2021,quality,质量,2,3M,3,raw,Raw,12,4,48,0.416667,0.037934,False,ICIR,ICIR,-0.201115
v1,2021,growth,成长,3,3M,3,raw,Raw,12,3,36,0.333333,0.105399,False,ICIR,ICIR,-0.219904
v1,2021,momentum,动量,4,3M,3,raw,Raw,12,1,12,0.416667,0.10096,False,ICIR,ICIR,-0.394921
v1,2021,reversal,反转,5,3M,3,raw,Raw,12,2,24,0.916667,0.075051,False,ICIR,ICIR,1.44861
v1,2021,risk,风险,6,3M,3,raw,Raw,12,3,36,0.75,0.165061,False,ICIR,ICIR,0.468313
v1,2022,value,价值,1,3M,3,raw,Raw,12,5,60,0.75,0.098533,False,ICIR,ICIR,0.500538
v1,2022,quality,质量,2,3M,3,raw,Raw,12,4,48,0.833333,0.043362,False,ICIR,ICIR,0.528546
v1,2022,growth,成长,3,3M,3,raw,Raw,12,3,36,0.333333,0.076241,False,ICIR,ICIR,-0.578753
v1,2022,momentum,动量,4,3M,3,raw,Raw,12,1,12,0.25,0.121451,False,ICIR,ICIR,-0.610933
v1,2022,reversal,反转,5,3M,3,raw,Raw,12,2,24,0.916667,0.092102,False,ICIR,ICIR,1.019602
v1,2022,risk,风险,6,3M,3,raw,Raw,12,3,36,0.916667,0.104021,False,ICIR,ICIR,1.102946
v1,2023,value,价值,1,3M,3,raw,Raw,12,5,60,0.75,0.143195,False,ICIR,ICIR,0.858373
v1,2023,quality,质量,2,3M,3,raw,Raw,12,4,48,0.75,0.058142,False,ICIR,ICIR,0.550954
v1,2023,growth,成长,3,3M,3,raw,Raw,12,3,36,0.25,0.089292,False,ICIR,ICIR,-0.146141
v1,2023,momentum,动量,4,3M,3,raw,Raw,12,1,12,0.416667,0.108345,False,ICIR,ICIR,0.091612
v1,2023,reversal,反转,5,3M,3,raw,Raw,12,2,24,0.75,0.087795,False,ICIR,ICIR,0.756199
v1,2023,risk,风险,6,3M,3,raw,Raw,12,3,36,0.75,0.172005,False,ICIR,ICIR,0.90259
v1,2024,value,价值,1,3M,3,raw,Raw,12,5,60,0.583333,0.158231,False,ICIR,ICIR,0.131196
v1,2024,quality,质量,2,3M,3,raw,Raw,12,4,48,0.666667,0.094018,False,ICIR,ICIR,0.107575
v1,2024,growth,成长,3,3M,3,raw,Raw,12,3,36,0.75,0.086631,False,ICIR,ICIR,0.430294
v1,2024,momentum,动量,4,3M,3,raw,Raw,12,1,12,0.5,0.149085,False,ICIR,ICIR,-0.350632
v1,2024,reversal,反转,5,3M,3,raw,Raw,12,2,24,0.75,0.066155,False,ICIR,ICIR,0.598337
v1,2024,risk,风险,6,3M,3,raw,Raw,12,3,36,0.5,0.180725,False,ICIR,ICIR,0.068359
v1,2025,value,价值,1,3M,3,raw,Raw,12,5,60,0.583333,0.089766,False,ICIR,ICIR,0.172324
v1,2025,quality,质量,2,3M,3,raw,Raw,12,4,48,0.666667,0.027802,False,ICIR,ICIR,-0.218263
v1,2025,growth,成长,3,3M,3,raw,Raw,12,3,36,0.583333,0.072235,False,ICIR,ICIR,0.513263
v1,2025,momentum,动量,4,3M,3,raw,Raw,12,1,12,0.333333,0.102183,False,ICIR,ICIR,-0.222234
v1,2025,reversal,反转,5,3M,3,raw,Raw,12,2,24,0.833333,0.051709,False,ICIR,ICIR,1.355148
v1,2025,risk,风险,6,3M,3,raw,Raw,12,3,36,0.5,0.117143,False,ICIR,ICIR,0.262789
v1,2026,value,价值,1,3M,3,raw,Raw,3,5,15,0.0,0.046917,True,ICIR,ICIR,-0.739687
v1,2026,quality,质量,2,3M,3,raw,Raw,3,4,12,1.0,0.011625,True,ICIR,ICIR,1.265832
v1,2026,growth,成长,3,3M,3,raw,Raw,3,3,9,1.0,0.046325,True,ICIR,ICIR,1.53095
v1,2026,momentum,动量,4,3M,3,raw,Raw,3,1,3,1.0,0.034163,True,ICIR,ICIR,3.861325
v1,2026,reversal,反转,5,3M,3,raw,Raw,3,2,6,0.666667,0.039512,True,ICIR,ICIR,0.314856
v1,2026,risk,风险,6,3M,3,raw,Raw,3,3,9,0.666667,0.0696,True,ICIR,ICIR,-0.367412
v1,2015,value,价值,1,6M,6,raw,Raw,12,5,60,0.583333,0.084856,False,IC,IC Mean,0.014158
v1,2015,quality,质量,2,6M,6,raw,Raw,12,4,48,0.666667,0.037028,False,IC,IC Mean,0.008062
v1,2015,growth,成长,3,6M,6,raw,Raw,12,3,36,1.0,0.035168,False,IC,IC Mean,0.069473
v1,2015,momentum,动量,4,6M,6,raw,Raw,12,1,12,0.25,0.121728,False,IC,IC Mean,-0.043109
v1,2015,reversal,反转,5,6M,6,raw,Raw,12,2,24,0.833333,0.09373,False,IC,IC Mean,0.060403
v1,2015,risk,风险,6,6M,6,raw,Raw,12,3,36,0.75,0.092906,False,IC,IC Mean,0.054775
v1,2016,value,价值,1,6M,6,raw,Raw,12,5,60,0.916667,0.109391,False,IC,IC Mean,0.199111
v1,2016,quality,质量,2,6M,6,raw,Raw,12,4,48,1.0,0.040537,False,IC,IC Mean,0.045725
v1,2016,growth,成长,3,6M,6,raw,Raw,12,3,36,0.5,0.073244,False,IC,IC Mean,-0.018812
v1,2016,momentum,动量,4,6M,6,raw,Raw,12,1,12,0.333333,0.088331,False,IC,IC Mean,-0.041232
v1,2016,reversal,反转,5,6M,6,raw,Raw,12,2,24,1.0,0.084658,False,IC,IC Mean,0.129106
v1,2016,risk,风险,6,6M,6,raw,Raw,12,3,36,0.916667,0.164079,False,IC,IC Mean,0.263284
v1,2017,value,价值,1,6M,6,raw,Raw,12,5,60,1.0,0.084644,False,IC,IC Mean,0.166848
v1,2017,quality,质量,2,6M,6,raw,Raw,12,4,48,1.0,0.034935,False,IC,IC Mean,0.079485
v1,2017,growth,成长,3,6M,6,raw,Raw,12,3,36,1.0,0.045736,False,IC,IC Mean,0.094353
v1,2017,momentum,动量,4,6M,6,raw,Raw,12,1,12,1.0,0.089794,False,IC,IC Mean,0.146455
v1,2017,reversal,反转,5,6M,6,raw,Raw,12,2,24,0.333333,0.036473,False,IC,IC Mean,-0.02306
v1,2017,risk,风险,6,6M,6,raw,Raw,12,3,36,1.0,0.104144,False,IC,IC Mean,0.281711
v1,2018,value,价值,1,6M,6,raw,Raw,12,5,60,0.666667,0.10687,False,IC,IC Mean,0.079059
v1,2018,quality,质量,2,6M,6,raw,Raw,12,4,48,0.833333,0.029933,False,IC,IC Mean,0.030071
v1,2018,growth,成长,3,6M,6,raw,Raw,12,3,36,0.25,0.043484,False,IC,IC Mean,-0.031218
v1,2018,momentum,动量,4,6M,6,raw,Raw,12,1,12,0.5,0.142422,False,IC,IC Mean,-0.02875
v1,2018,reversal,反转,5,6M,6,raw,Raw,12,2,24,0.916667,0.068462,False,IC,IC Mean,0.082824
v1,2018,risk,风险,6,6M,6,raw,Raw,12,3,36,0.916667,0.126435,False,IC,IC Mean,0.162837
v1,2019,value,价值,1,6M,6,raw,Raw,12,5,60,0.166667,0.046899,False,IC,IC Mean,-0.048262
v1,2019,quality,质量,2,6M,6,raw,Raw,12,4,48,1.0,0.02333,False,IC,IC Mean,0.055343
v1,2019,growth,成长,3,6M,6,raw,Raw,12,3,36,0.916667,0.063968,False,IC,IC Mean,0.084302
v1,2019,momentum,动量,4,6M,6,raw,Raw,12,1,12,0.916667,0.084054,False,IC,IC Mean,0.084162
v1,2019,reversal,反转,5,6M,6,raw,Raw,12,2,24,0.083333,0.033958,False,IC,IC Mean,-0.038568
v1,2019,risk,风险,6,6M,6,raw,Raw,12,3,36,0.583333,0.077639,False,IC,IC Mean,0.027488
v1,2020,value,价值,1,6M,6,raw,Raw,12,5,60,0.833333,0.091976,False,IC,IC Mean,0.091114
v1,2020,quality,质量,2,6M,6,raw,Raw,12,4,48,1.0,0.026206,False,IC,IC Mean,0.054959
v1,2020,growth,成长,3,6M,6,raw,Raw,12,3,36,0.833333,0.040306,False,IC,IC Mean,0.029768
v1,2020,momentum,动量,4,6M,6,raw,Raw,12,1,12,0.666667,0.089942,False,IC,IC Mean,0.041033
v1,2020,reversal,反转,5,6M,6,raw,Raw,12,2,24,0.416667,0.050944,False,IC,IC Mean,-0.007258
v1,2020,risk,风险,6,6M,6,raw,Raw,12,3,36,1.0,0.123883,False,IC,IC Mean,0.193841
v1,2021,value,价值,1,6M,6,raw,Raw,12,5,60,0.833333,0.110997,False,IC,IC Mean,0.107906
v1,2021,quality,质量,2,6M,6,raw,Raw,12,4,48,0.416667,0.04285,False,IC,IC Mean,-0.005789
v1,2021,growth,成长,3,6M,6,raw,Raw,12,3,36,0.333333,0.083634,False,IC,IC Mean,-0.028785
v1,2021,momentum,动量,4,6M,6,raw,Raw,12,1,12,0.416667,0.124374,False,IC,IC Mean,-0.027308
v1,2021,reversal,反转,5,6M,6,raw,Raw,12,2,24,1.0,0.08174,False,IC,IC Mean,0.135229
v1,2021,risk,风险,6,6M,6,raw,Raw,12,3,36,0.583333,0.175257,False,IC,IC Mean,0.094522
v1,2022,value,价值,1,6M,6,raw,Raw,12,5,60,0.833333,0.066245,False,IC,IC Mean,0.048659
v1,2022,quality,质量,2,6M,6,raw,Raw,12,4,48,0.666667,0.032289,False,IC,IC Mean,0.019836
v1,2022,growth,成长,3,6M,6,raw,Raw,12,3,36,0.083333,0.06103,False,IC,IC Mean,-0.081718
v1,2022,momentum,动量,4,6M,6,raw,Raw,12,1,12,0.416667,0.14095,False,IC,IC Mean,-0.036564
v1,2022,reversal,反转,5,6M,6,raw,Raw,12,2,24,1.0,0.081246,False,IC,IC Mean,0.142709
v1,2022,risk,风险,6,6M,6,raw,Raw,12,3,36,0.833333,0.096305,False,IC,IC Mean,0.117586
v1,2023,value,价值,1,6M,6,raw,Raw,12,5,60,1.0,0.100213,False,IC,IC Mean,0.187892
v1,2023,quality,质量,2,6M,6,raw,Raw,12,4,48,0.75,0.064641,False,IC,IC Mean,0.062755
v1,2023,growth,成长,3,6M,6,raw,Raw,12,3,36,0.5,0.099169,False,IC,IC Mean,-0.010721
v1,2023,momentum,动量,4,6M,6,raw,Raw,12,1,12,0.583333,0.098921,False,IC,IC Mean,0.047859
v1,2023,reversal,反转,5,6M,6,raw,Raw,12,2,24,0.75,0.103205,False,IC,IC Mean,0.055155
v1,2023,risk,风险,6,6M,6,raw,Raw,12,3,36,1.0,0.106283,False,IC,IC Mean,0.204266
v1,2024,value,价值,1,6M,6,raw,Raw,12,5,60,0.416667,0.137652,False,IC,IC Mean,-0.03025
v1,2024,quality,质量,2,6M,6,raw,Raw,12,4,48,0.416667,0.07686,False,IC,IC Mean,-0.014909
v1,2024,growth,成长,3,6M,6,raw,Raw,12,3,36,0.666667,0.052719,False,IC,IC Mean,0.031117
v1,2024,momentum,动量,4,6M,6,raw,Raw,12,1,12,0.333333,0.150681,False,IC,IC Mean,-0.087631
v1,2024,reversal,反转,5,6M,6,raw,Raw,12,2,24,0.75,0.061769,False,IC,IC Mean,0.060955
v1,2024,risk,风险,6,6M,6,raw,Raw,12,3,36,0.416667,0.177099,False,IC,IC Mean,-0.055536
v1,2025,value,价值,1,6M,6,raw,Raw,12,5,60,0.5,0.070908,False,IC,IC Mean,-0.007919
v1,2025,quality,质量,2,6M,6,raw,Raw,12,4,48,0.583333,0.025729,False,IC,IC Mean,-0.004756
v1,2025,growth,成长,3,6M,6,raw,Raw,12,3,36,0.916667,0.049683,False,IC,IC Mean,0.066772
v1,2025,momentum,动量,4,6M,6,raw,Raw,12,1,12,0.583333,0.100549,False,IC,IC Mean,0.039018
v1,2025,reversal,反转,5,6M,6,raw,Raw,12,2,24,0.833333,0.052275,False,IC,IC Mean,0.062884
v1,2025,risk,风险,6,6M,6,raw,Raw,12,3,36,0.416667,0.076016,False,IC,IC Mean,-0.009446
v1,2015,value,价值,1,6M,6,raw,Raw,12,5,60,0.583333,0.084856,False,ICIR,ICIR,0.166848
v1,2015,quality,质量,2,6M,6,raw,Raw,12,4,48,0.666667,0.037028,False,ICIR,ICIR,0.217723
v1,2015,growth,成长,3,6M,6,raw,Raw,12,3,36,1.0,0.035168,False,ICIR,ICIR,1.975494
v1,2015,momentum,动量,4,6M,6,raw,Raw,12,1,12,0.25,0.121728,False,ICIR,ICIR,-0.354143
v1,2015,reversal,反转,5,6M,6,raw,Raw,12,2,24,0.833333,0.09373,False,ICIR,ICIR,0.644442
v1,2015,risk,风险,6,6M,6,raw,Raw,12,3,36,0.75,0.092906,False,ICIR,ICIR,0.589573
v1,2016,value,价值,1,6M,6,raw,Raw,12,5,60,0.916667,0.109391,False,ICIR,ICIR,1.820175
v1,2016,quality,质量,2,6M,6,raw,Raw,12,4,48,1.0,0.040537,False,ICIR,ICIR,1.127959
v1,2016,growth,成长,3,6M,6,raw,Raw,12,3,36,0.5,0.073244,False,ICIR,ICIR,-0.256839
v1,2016,momentum,动量,4,6M,6,raw,Raw,12,1,12,0.333333,0.088331,False,ICIR,ICIR,-0.466787
v1,2016,reversal,反转,5,6M,6,raw,Raw,12,2,24,1.0,0.084658,False,ICIR,ICIR,1.525038
v1,2016,risk,风险,6,6M,6,raw,Raw,12,3,36,0.916667,0.164079,False,ICIR,ICIR,1.604617
v1,2017,value,价值,1,6M,6,raw,Raw,12,5,60,1.0,0.084644,False,ICIR,ICIR,1.971179
v1,2017,quality,质量,2,6M,6,raw,Raw,12,4,48,1.0,0.034935,False,ICIR,ICIR,2.275234
v1,2017,growth,成长,3,6M,6,raw,Raw,12,3,36,1.0,0.045736,False,ICIR,ICIR,2.063001
v1,2017,momentum,动量,4,6M,6,raw,Raw,12,1,12,1.0,0.089794,False,ICIR,ICIR,1.631019
v1,2017,reversal,反转,5,6M,6,raw,Raw,12,2,24,0.333333,0.036473,False,ICIR,ICIR,-0.632242
v1,2017,risk,风险,6,6M,6,raw,Raw,12,3,36,1.0,0.104144,False,ICIR,ICIR,2.705017
v1,2018,value,价值,1,6M,6,raw,Raw,12,5,60,0.666667,0.10687,False,ICIR,ICIR,0.739771
v1,2018,quality,质量,2,6M,6,raw,Raw,12,4,48,0.833333,0.029933,False,ICIR,ICIR,1.0046
v1,2018,growth,成长,3,6M,6,raw,Raw,12,3,36,0.25,0.043484,False,ICIR,ICIR,-0.717903
v1,2018,momentum,动量,4,6M,6,raw,Raw,12,1,12,0.5,0.142422,False,ICIR,ICIR,-0.201868
v1,2018,reversal,反转,5,6M,6,raw,Raw,12,2,24,0.916667,0.068462,False,ICIR,ICIR,1.209773
v1,2018,risk,风险,6,6M,6,raw,Raw,12,3,36,0.916667,0.126435,False,ICIR,ICIR,1.287913
v1,2019,value,价值,1,6M,6,raw,Raw,12,5,60,0.166667,0.046899,False,ICIR,ICIR,-1.029068
v1,2019,quality,质量,2,6M,6,raw,Raw,12,4,48,1.0,0.02333,False,ICIR,ICIR,2.372211
v1,2019,growth,成长,3,6M,6,raw,Raw,12,3,36,0.916667,0.063968,False,ICIR,ICIR,1.317881
v1,2019,momentum,动量,4,6M,6,raw,Raw,12,1,12,0.916667,0.084054,False,ICIR,ICIR,1.001284
v1,2019,reversal,反转,5,6M,6,raw,Raw,12,2,24,0.083333,0.033958,False,ICIR,ICIR,-1.135772
v1,2019,risk,风险,6,6M,6,raw,Raw,12,3,36,0.583333,0.077639,False,ICIR,ICIR,0.354051
v1,2020,value,价值,1,6M,6,raw,Raw,12,5,60,0.833333,0.091976,False,ICIR,ICIR,0.990626
v1,2020,quality,质量,2,6M,6,raw,Raw,12,4,48,1.0,0.026206,False,ICIR,ICIR,2.097182
v1,2020,growth,成长,3,6M,6,raw,Raw,12,3,36,0.833333,0.040306,False,ICIR,ICIR,0.738559
v1,2020,momentum,动量,4,6M,6,raw,Raw,12,1,12,0.666667,0.089942,False,ICIR,ICIR,0.456212
v1,2020,reversal,反转,5,6M,6,raw,Raw,12,2,24,0.416667,0.050944,False,ICIR,ICIR,-0.142464
v1,2020,risk,风险,6,6M,6,raw,Raw,12,3,36,1.0,0.123883,False,ICIR,ICIR,1.564713
v1,2021,value,价值,1,6M,6,raw,Raw,12,5,60,0.833333,0.110997,False,ICIR,ICIR,0.972155
v1,2021,quality,质量,2,6M,6,raw,Raw,12,4,48,0.416667,0.04285,False,ICIR,ICIR,-0.135094
v1,2021,growth,成长,3,6M,6,raw,Raw,12,3,36,0.333333,0.083634,False,ICIR,ICIR,-0.344174
v1,2021,momentum,动量,4,6M,6,raw,Raw,12,1,12,0.416667,0.124374,False,ICIR,ICIR,-0.219563
v1,2021,reversal,反转,5,6M,6,raw,Raw,12,2,24,1.0,0.08174,False,ICIR,ICIR,1.654373
v1,2021,risk,风险,6,6M,6,raw,Raw,12,3,36,0.583333,0.175257,False,ICIR,ICIR,0.539331
v1,2022,value,价值,1,6M,6,raw,Raw,12,5,60,0.833333,0.066245,False,ICIR,ICIR,0.734531
v1,2022,quality,质量,2,6M,6,raw,Raw,12,4,48,0.666667,0.032289,False,ICIR,ICIR,0.614326
v1,2022,growth,成长,3,6M,6,raw,Raw,12,3,36,0.083333,0.06103,False,ICIR,ICIR,-1.338983
v1,2022,momentum,动量,4,6M,6,raw,Raw,12,1,12,0.416667,0.14095,False,ICIR,ICIR,-0.259413
v1,2022,reversal,反转,5,6M,6,raw,Raw,12,2,24,1.0,0.081246,False,ICIR,ICIR,1.756519
v1,2022,risk,风险,6,6M,6,raw,Raw,12,3,36,0.833333,0.096305,False,ICIR,ICIR,1.220968
v1,2023,value,价值,1,6M,6,raw,Raw,12,5,60,1.0,0.100213,False,ICIR,ICIR,1.874922
v1,2023,quality,质量,2,6M,6,raw,Raw,12,4,48,0.75,0.064641,False,ICIR,ICIR,0.970813
v1,2023,growth,成长,3,6M,6,raw,Raw,12,3,36,0.5,0.099169,False,ICIR,ICIR,-0.108113
v1,2023,momentum,动量,4,6M,6,raw,Raw,12,1,12,0.583333,0.098921,False,ICIR,ICIR,0.483814
v1,2023,reversal,反转,5,6M,6,raw,Raw,12,2,24,0.75,0.103205,False,ICIR,ICIR,0.534421
v1,2023,risk,风险,6,6M,6,raw,Raw,12,3,36,1.0,0.106283,False,ICIR,ICIR,1.921904
v1,2024,value,价值,1,6M,6,raw,Raw,12,5,60,0.416667,0.137652,False,ICIR,ICIR,-0.219758
v1,2024,quality,质量,2,6M,6,raw,Raw,12,4,48,0.416667,0.07686,False,ICIR,ICIR,-0.193975
v1,2024,growth,成长,3,6M,6,raw,Raw,12,3,36,0.666667,0.052719,False,ICIR,ICIR,0.590252
v1,2024,momentum,动量,4,6M,6,raw,Raw,12,1,12,0.333333,0.150681,False,ICIR,ICIR,-0.581569
v1,2024,reversal,反转,5,6M,6,raw,Raw,12,2,24,0.75,0.061769,False,ICIR,ICIR,0.986811
v1,2024,risk,风险,6,6M,6,raw,Raw,12,3,36,0.416667,0.177099,False,ICIR,ICIR,-0.313588
v1,2025,value,价值,1,6M,6,raw,Raw,12,5,60,0.5,0.070908,False,ICIR,ICIR,-0.111677
v1,2025,quality,质量,2,6M,6,raw,Raw,12,4,48,0.583333,0.025729,False,ICIR,ICIR,-0.184832
v1,2025,growth,成长,3,6M,6,raw,Raw,12,3,36,0.916667,0.049683,False,ICIR,ICIR,1.343955
v1,2025,momentum,动量,4,6M,6,raw,Raw,12,1,12,0.583333,0.100549,False,ICIR,ICIR,0.388048
v1,2025,reversal,反转,5,6M,6,raw,Raw,12,2,24,0.833333,0.052275,False,ICIR,ICIR,1.202943
v1,2025,risk,风险,6,6M,6,raw,Raw,12,3,36,0.416667,0.076016,False,ICIR,ICIR,-0.12426
